,kgusev,"KZlzVE6ekZ[,9DA",Константин,Константинов,wdoronin@ya.ru,79220524140
,ruslan.morozov,T_^coFsC^pPX96#dO,Игорь,Суханов,valeriy10@lavrentev.org,88004475821
,egor79,$\e*\Ok}7{rLeV=S@s[,Виктор,Большаков,borisov.gavriil@ya.ru,88003715423
,esidorov,e9>UaHUr6]gPntb>!,Витольд,Гришин,sofy.potapov@rusakov.org,88009141154
,antonin.nikitin,E.uXqk*FAwR#,Гарри,Медведев,kuzma.nazarov@yandex.ru,35222174215
,pantonov,"w-Sll/Wq""M",Феликс,Афанасьев,spartak.kovalev@rambler.ru,35222153752
,sersov,"q:[1*gu[Z_,\]F8al",Спартак,Дорофеев,lysy.novikov@mail.ru,79220193352
,rmuravev,`&b'E\GP/<cndHmA~,Яков,Беляков,alena.efremov@list.ru,79226946350
,bykov.egor,R?1p<hg.bCO^,Мирослав,Хохлов,trofimov.igor@kononov.net,79225109354
,fedosy.fedorov,">zC>*""%bJK*Y}G6:*zf",Назар,Беляев,izolda91@narod.ru,88000287442
,nonna68,'tLm4_Bep65,Всеволод,Назаров,sfedotov@narod.ru,88003865668
,lidiy33,YE9+arL;j+[!~+%]X,Родион,Гордеев,raisa.mysnikov@kostin.ru,79220553346
,iosif34,TzFU6G,Спартак,Федосеев,svetlana16@isaev.ru,35222743015
,denis.sitnikov,`-Y<@'%pm,Стефан,Федосеев,krasilnikov.gordei@antonov.net,88008440490
,valerii.zdanov,L=#H|a\a,Ярослав,Орехов,aleksandr31@lavrentev.com,79222724868
,sazonov.fedosy,hK61SLuruxt-Q,Альберт,Никитин,gorbunov.zakar@ignatev.net,35222859062
,aleksandrov.marat,YbMsPGv?OlZgh@qXu,Эдуард,Мясников,elizaveta.osipov@yandex.ru,88005633435
,fsemenov,A53I;KJ+qXR#,Платон,Тихонов,nblokin@anisimov.com,88003176402
,loginov.zoy,1?\Tx]d49g7,Савва,Логинов,fadeev.stanislav@efimov.com,35222162918
,nazar.antonov,R0;uiWJAw'b&9cyR8Yx,Михаил,Игнатьев,visnykov.lydmila@rambler.ru,35222230363
,eorlov,Ygn|yw[&5;`,Игорь,Владимиров,zaitev.zinaida@inbox.ru,79227154212
,yzimin,"{AG.YT==""p5]OqM-a",Милан,Дементьев,abram89@fadeev.ru,88007578726
,inga50,JD}z$S.LAoT,Макар,Рожков,kignatov@list.ru,79229934190
,georgii09,Gb_?92\}9c.,Пётр,Борисов,rkuznetov@sobolev.net,79220846947
,lavrentev.oksana,"T""O^GO4",Давид,Громов,faina63@koselev.ru,35222082641
,aleksei86,qvNOif.X?DWRJrP*c,Тимур,Большаков,inessa.birykov@belykov.org,35222499890
,akomissarov,W;G#T]Wd,Кирилл,Носков,rusakov.danila@yandex.ru,35222931125
,inessa43,W;G#T]Wd45,Ананий,Костин,ustinov.nika@ya.ru,35222752204
,efim27,l20^B@<O}ET.`Y,Дан,Владимиров,utvetkov@zinovev.org,88002754025
,nikitin.yn,",g,R7""?""",Нестор,Волков,nmakarov@inbox.ru,79220186889
,ekaterina.smirnov,"<r3[w-m""e<Td""?S>Zp;(",Добрыня,Агафонов,akim29@ya.ru,79221856088
,lydmila73,<Z-uwrC#/Ah:A,Максим,Бобров,hfilippov@sitnikov.com,79227731265
,zlata.agafonov,4Oi%#EA'5l2*RS,Феликс,Ширяев,nikolai.molcanov@ignatev.net,88000577264
,jnikiforov,H?7rSnnzjL%JPN2I^C}L,Иммануил,Исаев,olga.nikolaev@kapustin.org,88009120640
,dominika.likacev,ahLKx)i&_hLyk%oSCo,Евгений,Яковлев,radislav.kulagin@gmail.com,79224657101
,sukin.anastasiy,46A&F)}V<xPeCF%S2q,Станислав,Шашков,mironov.diana@inbox.ru,88006329725
,ustinov.erik,_Ap:v=Ej6mlJ;,Артём,Юдин,galina06@zinovev.com,35222610239
,kulikov.elvira,"7_ZX"",4\!1/'@T7vRtZ",Александр,Фролов,filipp.loginov@kuznetov.org,88009316757
,eduard.rogov,tH86\),Савва,Якушев,fokin.svetlana@noskov.ru,35222959959
,zakar.aleksandrov,6k<q+p@wUFjMb*~,Алексей,Кулаков,nelli82@rambler.ru,88000485965
,dina37,!xjYFCU,Иван,Соколов,akoselev@list.ru,79221178704
,rignatov,"I,dm7VN'5zl^4",Вячеслав,Белоусов,olesy.bogdanov@rambler.ru,35222532669
,timofei.tvetkov,FeOv_@xLk,Анатолий,Носов,kanisimov@seliverstov.ru,35222989931
,illarion00,9YvS-Q[[41;CS]1'N,Владимир,Муравьёв,rada62@davydov.ru,88002349278
,klara40,}}my`#e/+Dsr@|,Леонид,Фёдоров,galina.burov@zakarov.net,35222445793
,miroslav.gordeev,"9ZS|j6D+y""(",Прохор,Зыков,rkulakov@ya.ru,88003937240
,yrii.kostin,"QHR[7""Xw3,\",Николай,Гусев,anfisa.konstantinov@fokin.ru,35222458755
,aleksandra.kovalev,.v5%aZ^K*?+,Константин,Голубев,inessa03@aleksandrov.org,35222596281
,gerasim08,"1O3w""Ut>|(BW5k",Милан,Горбунов,lidiy.koselev@ya.ru,79225279367
,fsilin,MYm/C-;1h7BpG;#@6,Бронислав,Семёнов,kirillov.anastasiy@isaev.com,35222317417
,wkazakov,j!%T~d0]%RYEfJ8,Кузьма,Жданов,pfokin@bk.ru,79222136115
,ily.sukanov,u*[4@\RYCs`07,Владимир,Гусев,sofy86@seliverstov.com,35222727598
,akim.zdanov,"g\7,jx|0hZc6o[",Юлиан,Галкин,afanasii.ersov@bk.ru,88009267182
,dgusin,"|gI%pdnun,x-pw;'ju",Юлий,Моисеев,lkornilov@fomicev.org,79223239458
,klara.mysnikov,MkE7Ro%xj$!zVt,Адам,Буров,vgorskov@rambler.ru,35222893300
,nelli58,3nUwauMRTIOPRWp,Бронислав,Романов,vinogradov.maksim@orekov.com,88004358170
,nmuravev,"y)fu\""Y0Mu<B",Добрыня,Некрасов,novcinnikov@rambler.ru,35222889918
,taisiy.mironov,Zj6Gmtv&/U<,Геннадий,Молчанов,belykov.albert@gmail.com,35222354138
,ignatev.nelli,"Oe$V:|dJR[\0M""",Пётр,Кононов,sorokin.larisa@yandex.ru,35222045075
,eva.karpov,8Y&(~uw00sEFT[MVN1,Антон,Фёдоров,spakomov@inbox.ru,88006864289
,lydmila.bobylev,"'u9nwiTYu}R4|6e6""",Марк,Комиссаров,bobylev.timofei@kotov.net,79223110869
,ulyna05,_t.5Q-'\,Геннадий,Куликов,zmartynov@lobanov.org,88003751166
,otitov,"#{6neZNFH3""|",Мирослав,Хохлов,afanasii19@inbox.ru,35222821867
,wmedvedev,>YXP\<p%;*Fo*ZnR,Витольд,Козлов,anton21@yandex.ru,79228802651
,raisa.vinogradov,>YXP\<p%;*Fo*Zn,Михаил,Беляев,korolev.klara@agafonov.ru,88006397784
,wmedve,>YXP\<p%;*Fo*Z,Юлиан,Лобанов,qdoronin@inbox.ru,88003096616
,raisa.vinogradov223,>YXP\<p%;*F,Виктор,Гусев,rodion.gorskov@narod.ru,35222576818
,nelli47,"xRn+,&l94EcD?""I",Давид,Красильников,ustinov.feliks@list.ru,79220533667
,ananii.koklov,AH0vAvbY,Антон,Белозёров,dary.tikonov@list.ru,79220310906
,yroslava59,KAVW4_7HhjLz}-,Бронислав,Дементьев,nikitin.boleslav@blokin.ru,88009579152
,nikolai.mukin,h'N4x!,Бронислав,Калашников,simonov.maiy@inbox.ru,79228520777
,larisa50,T|a[O_1H*^73D,Иван,Уваров,alisa.lavrentev@sitnikov.net,35222821943
,lybov08,dj98Q%1~Wu`,Сергей,Панфилов,simonov.gleb@mikailov.com,88000914679
,zanna99,"tl""9z|D@Rv`\&<q)(=8",Всеволод,Громов,belov.vasilisa@yandex.ru,88005387338
,qsokolov,WvsLe@o[g%~Jb9,Михаил,Дмитриев,zfedorov@rambler.ru,88004019164
,golubev.nikodim,.&u<2>6yM>WbB,Тарас,Комаров,kzuravlev@yandex.ru,79225309133
,qkabanov,TNz>{^>vK8tz,Филипп,Беляков,wrodionov@vlasov.ru,35222142556
,zaitev.nelli,w*7M-+-fHXb{PvBD)ms,Милан,Алексеев,iosif05@inbox.ru,35222070402
,kalinin.elvira,g:1Znr(yw6,Георгий,Лаврентьев,gbelousov@konstantinov.ru,88000961465
,ydin.vladimir,}nq))m;j=*F6m`NL,Геннадий,Харитонов,viktoriy17@inbox.ru,35222499464
,faina.vorontov,"]aOQGm~t;D+@zQ),x.",Рафаил,Гущин,smolcanov@uvarov.ru,79221529808
,belov.dmitrii,"T:\9`Q""",Даниил,Петухов,efim.ignatov@inbox.ru,35222437173
,aleksandra23,"44Q'.,F*J)EG|\1",Никодим,Лаврентьев,dominika.zykov@inbox.ru,88008202878
,leonid.fadeev,`e]B*t!DR4J,Август,Беляков,zromanov@yandex.ru,79223790522
,sarapov.valerii,k@Ti.chrSTRS,Роберт,Белов,jsobolev@list.ru,79222770682
,inna16,>@5>QIf{j-o2>@3'ns,Тит,Сафонов,dominika.eliseev@mail.ru,88004730348
,zydin,%R$c!&x[jv&+On#rcD=,Никодим,Стрелков,komarov.alina@list.ru,35222537308
,matvei41,t.rO<2$?)$W+JFNC59,Виль,Константинов,asarov@gavrilov.com,88004795466
,spartak21,k|uTt04Ap4d3{&vi,Павел,Муравьёв,ykovlev.irina@ydin.net,88003107766
,wgromov,ET8kl2Uf_JFA'pmx0[,Святослав,Зимин,lobanov.alina@belozerov.com,88005077473
,vyceslav.misin,"g;]R!""Cnj8vJv6",Абрам,Комаров,efremov.valeriy@grigorev.ru,88003716252
,ykov19,6!kzAS<|x~T-E]7,Иосиф,Ковалёв,kabanov.varvara@yandex.ru,35222218823
,fmorozov,;RWj:>H<^R<!,Руслан,Тарасов,bkrykov@artemev.net,35222112092
,artemev.anatolii,"44Q'.,F*J)EG|\1""$`N_",Василий,Суворов,vgrigorev@hotmail.com,35222937594
,kristina38,GFTolV\Sc1w'Y??;8r,Август,Белоусов,cersov@narod.ru,88003148159
,krasilnikov.varvara,z&VO((!)=%n],Дан,Степанов,petr.gusin@list.ru,88006679538
,nina50,AjR6Rr&'LC/XfxQWg%,Марат,Иванов,pestov.klavdiy@kopylov.com,35222979988
,margarita22,WQnmjBw,Савва,Павлов,rada45@mail.ru,88005364443
,medvedev.arkadii,U-Aoh6`0aT,Кузьма,Зиновьев,vikentii.strelkov@list.ru,79221343166
,dina63,h~:'Z`y1[G^>$D`NKh,Илларион,Вишняков,matvei.alekseev@ya.ru,35222976824
,florentina.gorbunov,"ZVtBP8s[e""^<N$[T'?o",Савва,Чернов,ggavrilov@rambler.ru,88000032717
,rkovalev,5CT5;7oB2,Адам,Доронин,stanislav.grigorev@mail.ru,79220568057
,nikodim.sestakov,{UvADTQmT`e8n@Z<,Иннокентий,Одинцов,odintov.fedosy@ya.ru,79229822095
,hgorskov,5:cY@R,Вадим,Николаев,jevseev@prokorov.ru,79225733025
,fedoseev.lydmila,!YC?@H|mpxg9GA3f}O,Ростислав,Носков,klara28@timofeev.ru,79221576160
,zoy82,1V%Pp_!/2bM-q`,Юлий,Шарапов,efremov.andrei@list.ru,79225765874
,petrov.valerii,+|45u4i<gk'cJG4,Кузьма,Исаков,ykov.ponomarev@vinogradov.com,35222451590
,zlata.bolsakov,]Q=eO7$*'DmPFp,Феликс,Максимов,yponomarev@bobrov.net,35222245043
,konstantinov.klavdiy,+BwR)oog}_Yy3_,Валерий,Горшков,tarasov.vladislav@rusakov.com,35222680964
,hdrozdov,<b'o.0~<BwT37|6F73,Виль,Авдеев,hkoklov@seliverstov.com,88007188852
,qfedorov,Ef-Y#!YRuy,Герасим,Николаев,zfilippov@hotmail.com,88006750292
,margarita.medvedev,Wr_(Q/urlb'VGH~`;,Тимур,Савин,lukin.anna@inbox.ru,79224999650
,silov.veniamin,K86-K7JV^ZEg27%vn,Аполлон,Кошелев,adam.fedotov@bobylev.com,35222438486
,vsevolod35,/W_\~G}VM}moZ,Игнат,Доронин,znikolaev@gmail.com,88009603891
,pakomov.alina,h:V7BM%0}W/oz,Степан,Елисеев,savin.gavriil@ykovlev.ru,88003393965
,panov.olga,{_A|!g,Клим,Данилов,fedosy57@sysoev.ru,88005059210
,zinovev.lybov,Z7s\cr%i:,Вениамин,Крылов,oosipov@narod.ru,79222192869
,miroslav30,z*5*=a5)J,Илларион,Афанасьев,osilin@gmail.com,88002422537
,oosipov,"za#fSYD""]S}N/1",Артур,Жуков,lazarev.nina@golubev.com,79226684001
,yna94,"\[9>)Sg=""}|",Витольд,Филатов,rgalkin@rambler.ru,79229392196
,xermakov,n=ZZ}nSr&IAOI,Руслан,Белоусов,lybov.matveev@rogov.org,79226432175
,illarion.isakov,w\}h(51`,Герман,Шашков,ftimofeev@ya.ru,79222608408
,nikodim.evseev,"2oAiTt%;v|,I&Lb&;]Ju",Тарас,Якушев,timofei.nazarov@sestakov.org,35222582794
,lysy.nikolaev,A@~s3!5wE\[]N,Никодим,Соболев,zuev.yna@kudrysov.com,88008483327
,dary30,s$L;Cfw:Gg|n%#Nf%,Тит,Савин,hstepanov@ya.ru,79228072366
,bvoronov,yXVb`b5Z4)K<C4YmBl,Сава,Николаев,antonov.lybov@hotmail.com,79222031172
,alisa61,zL@8o(cTv97+QMc9x,Григорий,Морозов,emiliy.sarov@turov.org,79227450755
,marta73,V*zvu_2mUsVGu,Игорь,Герасимов,petr.smirnov@inbox.ru,79225076359
,diana06,"v{,qg1I<Xnyy~=t7Dm",Николай,Макаров,regina.zaitev@fadeev.org,35222877431
,prozkov,UxiHzpUiBP@i/rTuI4<,Ростислав,Казаков,rozalina51@doronin.com,35222731113
,gurev.irina,"sS""x/Mk'S3A}?3]E",Гавриил,Рожков,fafanasev@mysnikov.com,79226598930
,emiliy44,+UY`h9m>PTelx%ne7Y,Леонид,Колесников,olesy78@list.ru,79223994899
,rafail84,4hf`AaugKa,Донат,Гаврилов,tit.konovalov@bk.ru,88007630200
,martynov.lev,82]~!:S,Ираклий,Тимофеев,kapitolina60@kolesnikov.org,35222805057
,elizaveta.agafonov,"7~y2{#""=JeD!2n!A",Захар,Ларионов,frolov.robert@rambler.ru,35222095220
,trofimov.svetlana,iwQv;X[;3q+(fJT%sS=,Ефим,Белозёров,zoy.kulikov@kononov.ru,79225515358
,istrelkov,:NOL?p_>`O,Алексей,Борисов,karpov.gennadii@vorobev.ru,35222731838
,smirnov.rozalina,IN``E}(jEXm<X(9P+&,Роберт,Белов,edementev@bk.ru,35222310403
,petr.belousov,<ty5;PFOAkM?BOaC,Святослав,Кузьмин,ydin.mariy@ignatev.ru,35222153821
,edmitriev,"k=CILbk(H}up,R<a",Виль,Савин,ckalinin@mikailov.ru,35222901838
,jtimofeev,*@T1&\hpTnwa{vA,Лев,Харитонов,iosif21@gmail.com,35222974987
,jzdanov,rKkjxNdCzh^Jp5,Георгий,Кононов,evgeniy16@gmail.com,88007122356
,dknyzev,i13v|<Yp},Юлий,Михеев,valeriy19@baranov.com,88009242108
,nikitin.lada,(.c3I1CMl}){{QMVTD;U,Максим,Антонов,karitonov.vasilisa@narod.ru,88005486439
,faina.safonov,}Rx^\=,Нестор,Шашков,bobylev.vera@gmail.com,88002240878
,komissarov.albert,"dbi<y6D{""sy\6Vbyn",Прохор,Рожков,evgenii69@dorofeev.com,35222379018
,dary.silov,PG'uo!/t&0j+,Трофим,Кабанов,anastasiy.subin@yandex.ru,88003790665
,drozdov.maksim,HN'*_b41LvRu]0fTB\,Влад,Алексеев,immanuil92@ya.ru,88009320369
,zdanov.antonin,"%Pt:kEDAEl""h+X",Михаил,Яковлев,qzaitev@rozkov.ru,35222004542
,radislav80,@7_^ZsK8hl(0dT4}{c,Назар,Орехов,morozov.marta@dmitriev.net,88002319285
,maslov.lada,"LN?[PAq""NsljoM@p;o",Валериан,Аксёнов,ylian.sysoev@ya.ru,88005810651
,kkuznetov,^TB_f(wd*-LZk,Всеволод,Логинов,uanisimov@ydin.com,88004561385
,ermakov.efim,myxj?OFWnL1uXrb}jP,Валериан,Трофимов,trofim.silov@fedorov.net,35222757564
,yroslav45,iz2EcBoe31|]C/:,Владислав,Горбунов,fedoseev.konstantin@hotmail.com,79223939241
,nvoronov,K6M4@*0vbUox$,Никодим,Рябов,klavdiy02@nikiforov.ru,35222564865
,ufadeev,"TyM8fd9~q~eF_""'lI",Влад,Михайлов,mariy43@narod.ru,79227524376
,yna.gurev,u!MSXc,Юрий,Воробьёв,cstepanov@evdokimov.org,35222197496
,vvisnykov,n:(Lb-aXJiOt2nY[A/4,Гордей,Медведев,gordeev.gleb@emelynov.ru,35222745893
,pbirykov,hUeZ`:`09ny,Антон,Бобылёв,npolykov@mikailov.ru,79220745950
,xkapustin,"p5?0hHu,Dez,O",Филипп,Герасимов,nika.osipov@krylov.ru,79221612526
,savva.suvorov,L=DQi=rhbaH,Назар,Ковалёв,boris.turov@list.ru,35222252787
,trofimov.gerasim,N:E>-ptdGY,Всеволод,Титов,qmironov@nosov.com,35222394816
,bnosov,"T{|VH,;]8LP2D0q'~McW",Рафаил,Власов,nataly.gulyev@list.ru,35222504403
,galkin.lada,sh{&#k})<kK~qfRy|+,Тит,Зайцев,vsevolod66@seleznev.ru,79221704900
,lsarapov,&r3PH/,Болеслав,Субботин,pantonov@tikonov.net,35222266587
,danilov.lev,`2fn%0+,Даниил,Мишин,lkozlov@bk.ru,35222494418
,innokentii34,5pD~)^X:e,Вениамин,Одинцов,rafail.matveev@list.ru,79229945296
,sorokin.evgeniy,$67?`V3k(Xa\,Игнатий,Наумов,iskra36@kotov.ru,35222732545
,anton69,kVP[QONrLsgpl$jej+,Радислав,Пономарёв,alina.alekseev@mail.ru,35222241016
,kudrysov.ignat,@Sc3HQgWPsx:~qUm`&,Артемий,Игнатьев,klara.mysnikov@narod.ru,79222273248
,tatyna48,",anw7\vjy|$y",Лаврентий,Филиппов,aleksandra37@rambler.ru,88005378791
,fedosy.lazarev,EzBf/is^]m]<f*/,Николай,Голубев,arkipov.klim@bobylev.ru,79225490979
,stanislav.belykov,}F.{O`,Рафаил,Фомичёв,galina.lukin@loginov.com,79229943727
,samoilov.veniamin,"Ppn`,&{THgGF",Игнат,Фомичёв,pkrykov@hotmail.com,35222228833
,hfomicev,{[InubijB9~,Лаврентий,Богданов,kapitolina.ykovlev@sokolov.ru,79225557271
,dary88,SH`BwCc<g7%zalS,Сергей,Кириллов,dan.nikitin@narod.ru,79223520358
,zanna56,/@$->2;*F|Xj@,Герман,Ершов,avgust55@bragin.ru,88009017857
,daniil72,W?pIYb_,Матвей,Сысоев,mvladimirov@mail.ru,35222462116
,olga.savin,8}Fph{$U<2z`,Кирилл,Михеев,konovalov.lysy@doronin.com,88004850244
,elvira47,"%QyV/""u^#tvwl/!51",Михаил,Артемьев,gusin.adrian@inbox.ru,79224251575
,ermakov.alisa,Err:507,Радислав,Гордеев,gennadii08@nosov.com,35222619752
,xsokolov,vIaASZeQ@Qiaq;a{Q~Y(,Гарри,Захаров,rodionov.klara@samsonov.com,35222829126
,nnosov,>scguYTg,Бронислав,Колобов,avladimirov@yandex.ru,79227734823
,iteterin,Q)Q5!a3g>kX%zUDF~hD,Трофим,Симонов,dina.maslov@gerasimov.ru,88005643672
,gusev.mariy,Hnb-P&rQE3[mO_w@,Валентин,Михайлов,zstepanov@zuev.ru,35222128400
,tikonov.rozalina,|vPh2{^yH8u*=,Владимир,Егоров,titov.taisiy@mail.ru,35222015050
,artur.kalinin,"Fd'[jYad(\""s6",Ефим,Белов,orekov.nika@yandex.ru,88005094877
,ruslan.kostin,sI5q*]-#,Давид,Гаврилов,florentina45@gmail.com,79225564266
,sitnikov.klavdiy,yVS}<S:.ZNDzA~`I,Артур,Фомин,vitalii75@yandex.ru,35222010104
,seliverstov.vera,S68l8E,Владислав,Агафонов,anton.krykov@rambler.ru,35222320380
,andreev.ignatii,8C~|{#P2N!0rGn;/,Кирилл,Никитин,zimin.german@inbox.ru,79221720772
,fkapustin,OM2+YXIQjtD^,Геннадий,Смирнов,rbolsakov@mail.ru,79226629288
,dnoskov,Em}W')\:ottqo],Олег,Богданов,mariy73@narod.ru,88003897734
,sobolev.dina,vQ~jcxW&<'?vo5Z8,Трофим,Орлов,aleksandr32@gorbacev.ru,88002999997
,nonna00,Ece(2uA:z,Роберт,Крылов,milan.ignatev@vasilev.org,35222709236
,anastasiy.ustinov,T\)3bV{s$nA]t,Эдуард,Козлов,sarapov.illarion@larionov.ru,35222696306
,daniil71,",ljox/Vf.[3HU\>B""",Викентий,Королёв,lada.nikiforov@mail.ru,79228569512
,dodintov,"Gt1$Ra)g8,P=ag/i",Ян,Анисимов,diana64@dorofeev.ru,79224692198
,vasilisa22,]Aby5noq:,Иван,Давыдов,klementina14@mysnikov.ru,79223496183
,viktoriy.abramov,|%d&m3!#i33P}WX,Роман,Волков,zinaida84@nikiforov.ru,79224181159
,yroslav72,<U7zo5Tp,Константин,Власов,filipp.volkov@rambler.ru,79221684405
,irina86,Y}v`QoQh0RP&,Борис,Шарапов,vladimirov.ily@golubev.net,79223379323
,birykov.elizaveta,#/m0zAc@(o,Виль,Меркушев,medvedev.svetlana@cernov.ru,35222696795
,timofei25,PZh&~U}e,Игнат,Фомин,jbelykov@lebedev.org,88004731115
,zlata45,~6z&Yv7TFONu/\)nbc(&,Артур,Кулагин,warkipov@lebedev.net,79229835120
,rafail26,x90QQs,Игорь,Копылов,msaskov@yandex.ru,35222637880
,lavrentii25,/|!+').slZpKGhPV6v,Клим,Аксёнов,uvarov.inna@nikitin.com,79225165011
,milan.savin,W]l)OoP,Тит,Жданов,german.melnikov@bk.ru,35222639248
,efim.efremov,Q7)Y'TZVWRG,Платон,Буров,isakov.prokor@ya.ru,79226131769
,florentina.voronov,f4=\y1]-%z,Тимур,Бобылёв,valerii.belyev@isakov.com,79225194477
,feliks03,Lmu\Hk4m/~,Егор,Шилов,blokin.sergei@aleksandrov.ru,88008275875
,vadim.emelynov,"q|<'=<_r,-LfYGk;X%",Нестор,Фролов,tamara.sarov@hotmail.com,79228533616
,inna47,\DEq`5L7r;'&ts91gK,Арсений,Мясников,sofy.karpov@titov.ru,79229434996
,wlukin,Gxg6i;.s[X4yGWb!=,Ананий,Моисеев,rfedoseev@inbox.ru,79227941438
,lev16,U41Hb2oRb',Виталий,Рожков,gennadii.grigorev@yandex.ru,88001214682
,fedorov.denis,NTSCg*,Аким,Ефимов,seliverstov.marta@bk.ru,79223463306
,iskra30,n}X!ey{%@k*n.D}A,Назар,Суханов,savva73@efimov.com,35222275672
,kseniy.medvedev,g9VMM6iY}?,Юрий,Иванов,valentin82@yandex.ru,35222968005
,konstantin46,Qj*KU;nLt,Иннокентий,Зиновьев,oksana78@rogov.ru,88001827907
,eblinov,67`p)>Gt^,Аким,Шарапов,nataly.matveev@list.ru,79227718997
,florentina22,.$I}'S{$^2Uio,Адам,Белов,svetlana11@belov.com,88006948354
,ivan.naumov,"r.r%m8QA""{<:=x-%r",Валериан,Зыков,rada32@bk.ru,79226973905
,melnikov.taras,"Uj.s>KM#l^""^a]/K3fP",Роман,Степанов,cnazarov@ya.ru,88004546836
,dgolubev,5.[MWF,Дмитрий,Хохлов,antonina87@ya.ru,35222408113
,uvarov.yna,"<a}zY,[fsZT3s",Игнат,Фадеев,ffedotov@inbox.ru,88007381188
,inessa49,a/`!}*'4JI8R$,Марк,Зыков,maslov.nikolai@bk.ru,88000329895
,margarita.sukanov,Err:501,Милан,Силин,pkostin@mail.ru,79221203997
,lysy.saskov,a9t*].yjik4FOS-u,Станислав,Лаврентьев,cernov.izabella@orlov.ru,35222806994
,anfisa.gorskov,"{BV],C*E~~F>l9I",Борис,Устинов,dary.silin@inbox.ru,88007927257
,polina.samoilov,5cy=Q8F`qL5$iCA,Дмитрий,Маслов,klara.vinogradov@zakarov.ru,79226633432
,mikeev.tamara,"nuoPIk#_48^!;8,w",Валерий,Быков,volkov.zanna@hotmail.com,35222150397
,vmisin,ZN98Nf,Герман,Михайлов,knyzev.david@rambler.ru,88004156433
,vil.grisin,AKOE2XZOk|8%G-F,Евгений,Веселов,valerii.komarov@hotmail.com,79225556729
,subbotin.roman,0as1eH}\`]-W,Афанасий,Аксёнов,sabramov@dementev.org,35222422980
,gsubin,Fk5qv:Nh@xJ-I6b3_j],Всеволод,Соловьёв,ignatev.regina@fomin.org,88006700796
,maslov.alina,ElB|qWcVN`EK`y,Даниил,Самойлов,ignatii05@inbox.ru,79228918646
,vasilii.suvorov,iZ#sWb(X;hy7~w),Трофим,Гусев,yliy.knyzev@gmail.com,88003456813
,kristina.morozov,WQkk|f,Евгений,Петров,ekaterina69@rambler.ru,88000836739
,pakomov.zlata,"y-hM~s*o\/{,",Ираклий,Лукин,leonid28@sorokin.com,35222809160
,feliks.komarov,"8=DcjRlP?!nC[,]aSeVT",Роман,Куликов,aleksei.serbakov@lytkin.com,35222650812
,odementev,|(+zjDj6|0,Владислав,Владимиров,fedotov.yroslava@sukanov.ru,88009911284
,elizaveta.sorokin,"k)fv<#J&cHt"";Q5s2![""",Глеб,Гурьев,yroslav87@ovcinnikov.com,79224172320
,utimofeev,t:k<e-kCo\3cF79},Илларион,Исаков,veniamin.kabanov@hotmail.com,35222700140
,davydov.vitold,"~a"".'sE*[B.8L^e/",Аркадий,Лазарев,hmerkusev@yandex.ru,88001246502
,azaitev,TJv^;=QO8jBDEwdzt,Родион,Кудряшов,korolev.nika@isaev.ru,88007268723
,mkulagin,riqC}E,Данила,Яковлев,fedor61@rambler.ru,35222708912
,ermakov.svetlana,c9t-1jH'W,Влад,Голубев,makarov.innokentii@narod.ru,79226751029
,afanasev.lidiy,;kF'qK-54kZ7,Филипп,Бобылёв,filipp.isakov@bk.ru,35222158053
,lavrentev.kristina,"KB%r]cuBnbkM`!,",Артемий,Пономарёв,oleg18@gorbunov.com,88002211388
,osipov.valentin,GfnMb>X.,Андрей,Лыткин,nbolsakov@bobylev.com,88001652232
,milan.kudryvtev,R@`CJq7VM]?[Br</9O0?,Игнатий,Рыбаков,sorokin.faina@hotmail.com,79220368447
,stefan95,nS+<$%JvQCB`=C3(z.,Радислав,Никонов,elizaveta.fokin@bk.ru,88001693360
,panov.lavrentii,1AI~E:]{vDdX^,Валентин,Крылов,belov.taisiy@narod.ru,35222165454
,artur33,"B)J'w,",Иосиф,Лыткин,ignatii.ponomarev@fokin.ru,79229837496
,dary98,)1Rt}htu&7mkV{s[n!,Аким,Воронов,albina.ovcinnikov@misin.ru,88004765053
,mbelousov,+k-`taWS0j19*yZI}g,Михаил,Громов,popov.spartak@ilin.net,79225203605
,denis.gromov,PJc{K93Q\),Спартак,Моисеев,jvorontov@narod.ru,35222520102
,dsarov,EiiumnCxS8o[E?D,Юлий,Логинов,denis89@mail.ru,35222208980
,kirill65,"]:>'r`,+60h][m~",Эдуард,Агафонов,akoklov@gromov.org,88001304857
,trofim.vorontov,>@59?Z7]>L@5K],Фёдор,Стрелков,klara.kulakov@grisin.ru,88009352943
,irina.afanasev,!tH6av@}DL]Ox}mBz=!`,Семён,Панов,alla.kulikov@birykov.com,79229217765
,mkonstantinov,3Lv5}u')uWU6*.c,Гавриил,Самсонов,kononov.eva@inbox.ru,79224599983
,uodintov,"B]IRLM9f}AS,fZOAk)",Гавриил,Трофимов,dmitrii71@prokorov.ru,79224366377
,iskra41,5\%?C4m~,Максим,Осипов,filipp.ustinov@list.ru,88008255883
,nelli.denisov,"H{o%pn,V?p{jj=(",Ираклий,Третьяков,serbakov.alisa@ya.ru,88008213427
,tretykov.mariy,*]t$1=V`r||e=,Богдан,Муравьёв,mkalasnikov@hotmail.com,35222775679
,grigorii.silov,"'f-1+t+U""",Артур,Карпов,fmatveev@list.ru,88006341827
,anisimov.artur,5%V6wzFfj^JmA>/9,Болеслав,Исаев,hturov@list.ru,79228546809
,lserbakov,"VA,A4@k^TGaeR8$Tm",Дан,Нестеров,jkopylov@sysoev.com,79226434775
,xkopylov,"`h\fjp,gA8.#66Qs",Гордей,Евдокимов,lapin.taras@gmail.com,35222564790
,ananii84,tkV4~j,Михаил,Большаков,nelli30@yandex.ru,35222730208
,irina.strelkov,Err:509,Виталий,Бобров,sukanov.inna@abramov.ru,79221471903
,yrii38,")lU2^Rn=!*,""~:\;1-@;",Август,Доронин,sazonov.vsevolod@narod.ru,79221334124
,hignatov,99#lo_wb9@%dJK,Александр,Белоусов,lsamoilov@mail.ru,79229712875
,diana87,f'Spmej]}PDe[],Анатолий,Петров,elena14@kornilov.com,88007307772
,abram10,YS_E/.F=@J49c:4,Василий,Мишин,vzykov@ya.ru,88008972599
,grigorii.fadeev,x<MYr[,Феликс,Герасимов,kabanov.lydmila@mail.ru,35222219148
,david.denisov,"5=3te}V""&-!",Святослав,Иванов,petr60@kotov.com,35222190282
,fomin.kristina,z7$AxuZ=,Гавриил,Лукин,taras08@konovalov.ru,88007384707
,jmironov,_?h;)~?LD:og,Добрыня,Журавлёв,mysnikov.denis@dmitriev.org,35222902011
,slarionov,}]dU{B:JN79QJg=xY,Гавриил,Казаков,veronika29@narod.ru,79224604993
,vkolesnikov,EP?9{NC7Mfh,Милан,Ильин,valerian.simonov@inbox.ru,79223269053
,anfisa.sokolov,}31W45]axTFp([%B,Виктор,Герасимов,likacev.inna@yandex.ru,88002202558
,aleksandra59,Err:509,Захар,Терентьев,iefremov@hotmail.com,88004099032
,zanna57,"p.wVS""N",Александр,Сидоров,karitonov.inga@bk.ru,79222450480
,valerii.uvarov,/W)e3Q<`F)Q5n,Вячеслав,Виноградов,eva86@yandex.ru,35222639449
,semen07,VK}[xUz,Георгий,Калашников,danila.sidorov@mail.ru,88009529077
,rnikolaev,"P,l)<T9}",Адам,Сазонов,nekrasov.izolda@nazarov.ru,35222293026
,ckoselev,`ga:>Z-b?pN']`=K,Олег,Котов,gorbunov.evgenii@inbox.ru,79223048591
,sbelykov,El:g?tYFt/BxqH,Юрий,Жуков,bragin.alla@mikeev.ru,35222399220
,irina.vasilev,3$Gh!8iUH,Ростислав,Орлов,lydmila.sarapov@agafonov.ru,35222609529
,istrelkov,QD;!w.A<ECIwnitW=dlv,Тимур,Матвеев,solovev.nina@novikov.com,35222350808
,ruslan.cernov,"p)S}`""u''J`Yo$}:DH",Анатолий,Фёдоров,sobolev.klavdiy@yandex.ru,88008808498
,larisa95,yF'@ShEfRU,Донат,Борисов,german.orekov@inbox.ru,88005053264
,miroslav.ykusev,_%KJ?D;/*p8p;orJ7nKb,Рафаил,Сафонов,margarita22@krykov.com,88000402449
,lada.morozov,zU9b^A,Мирослав,Шилов,moiseev.ykov@gmail.com,88002580944
,krykov.konstantin,"KnW+<v(&$5PJa+lVp,",Захар,Жуков,kalinin.denis@bk.ru,88001559368
,vladislav.vorobev,"rQ'1uJ*2JDd@:Sj,!j9",Абрам,Селезнёв,nina14@list.ru,88002252661
,rozalina72,i|(KE{6,Витольд,Карпов,karitonov.artur@frolov.ru,88009930838
,orekov.tatyna,oI7sa6cQIgZEZv!|ah,Милан,Бобров,nelli.kornilov@mail.ru,79227082014
,danilov.savva,zh\i_VMlV,Данила,Тетерин,milan74@hotmail.com,88001537225
,donat.gerasimov,fxX$o+9m,Влад,Кабанов,yrii.martynov@gmail.com,35222198217
,alekseev.yliy,"fxX$o+9mGK""M\DyA6",Бронислав,Молчанов,efremov.yliy@smirnov.net,88006990284
,isakov.nina,eo;CSZ,Валериан,Баранов,izabella.rogov@yandex.ru,88005403755
,xsaskov,B$S!?TZ'>,Донат,Лихачёв,fedosy90@inbox.ru,88006416058
,cprokorov,v=CY{G'+,Иммануил,Брагин,lebedev.maksim@inbox.ru,88002983663
,rada.melnikov,g_b64XL-Nrv)0,Игорь,Рогов,ckapustin@inbox.ru,88001769348
,afanasii.tretykov,NTQaCb8XP@)Grq,Иван,Филатов,rvorobev@likacev.ru,79225840981
,pakomov.veronika,zGXT1X~=|%St(sH,Вячеслав,Павлов,albina78@fedorov.com,88002401225
,bogdan45,BDK9M]G&O,Валентин,Зуев,potapov.aleksandra@danilov.ru,88002024989
,diana.tarasov,"t%`_""3,f@",Антон,Князев,sobolev.inessa@gorskov.ru,88008275816
,dmitrii05,J+-=d{$,Пётр,Панов,lbaranov@inbox.ru,79226351535
,panov.adam,+&x+A@saqqvL?v:.z,Аполлон,Туров,xlarionov@yandex.ru,35222895584
,mariy.seleznev,_gF?8jE%`ML1{,Максим,Данилов,fadeev.nonna@hotmail.com,35222291116
,abram.bogdanov,:H!:$UK)e*JVv=EbU,Эдуард,Кудрявцев,wtretykov@knyzev.net,35222160081
,taras.medvedev,[0^oPU6z6i7;u!,Макар,Дроздов,elena19@vinogradov.ru,79224488182
,tamara.zinovev,KXS\8k`oU[+6SdM5T,Альберт,Панов,zinaida.panov@inbox.ru,88008213944
,david36,5v[46-`>CDG'k}9<Fw,Вадим,Русаков,filatov.bogdan@hotmail.com,35222266482
,merkusev.nataly,"35:`r,601Kx8//y",Михаил,Титов,zlata.kovalev@inbox.ru,88002676793
,dyckov.rodion,~YeTA%kV`;$F]t,Марат,Сысоев,mpetukov@rambler.ru,88007113483
,vladlena14,wQ#d>#x>c;TuuXbd,Матвей,Николаев,pavel04@pavlov.ru,35222416352
,sidorov.liliy,J>1Vns|,Алексей,Пестов,arsenii93@drozdov.ru,79224469933
,merkusev.iraklii,R:J6L'S~Y2dv8=,Бронислав,Кабанов,aleksandra.nikonov@gmail.com,79222211678
,makar.gavrilov,"A=1ww,m=o""R*JC/ygoe",Илья,Беспалов,loginov.milan@potapov.ru,79229708649
,gavrilov.erik,QZ9MptTQ,Антон,Пестов,mikeev.valerian@seliverstov.ru,79224032643
,kozlov.rozalina,"WWq,O%^~/",Антонин,Пахомов,jbobrov@bk.ru,79227695137
,vikentii.lebedev,"^xkS$kFuCoULjK0R,$",Александр,Нестеров,nikodim.ykovlev@hotmail.com,88008277013
,kuzma.lapin,vG?j6wVO<P*S3:DY,Ян,Некрасов,rostislav.seleznev@doronin.ru,88001077951
,krasilnikov.alena,3Vy!ry,Витольд,Вишняков,klapin@aksenov.ru,88002919573
,yna68,PGFhW#}/SBNu,Всеволод,Рябов,tit46@narod.ru,79221053038
,hkolobov,O8QM-^D|({,Роберт,Назаров,klementina80@hotmail.com,88001414794
,ksilin,F0ZtaAhE,Мирослав,Фомин,oleg90@hotmail.com,79228250492
,ruslan57,$AN6y)GLw:\Q,Бронислав,Сидоров,ykov57@fokin.ru,88009245166
,fedor13,a!=q0+y93]s2,Гордей,Шашков,nekrasov.izolda@inbox.ru,35222399158
,fnazarov,"'Q}pSnc(cK[J&a|""qH$(",Роман,Третьяков,nikodim95@mail.ru,35222716571
,kalasnikov.immanuil,Kma*8<}H,Давид,Баранов,rbolsakov@sokolov.com,35222605491
,hkiselev,H;S!%Vr&uZiJbhl,Эрик,Павлов,izabella.dyckov@borisov.ru,79227889442
,ekaterina19,"igSDm,#3Dh*$TE]H#z",Михаил,Шилов,anton.belousov@kostin.com,35222444701
,panov.taisiy,NN=@};`/f`9,Леонид,Федосеев,albina33@dmitriev.ru,79228979424
,enikonov,95jwFn4y8,Василий,Красильников,korolev.zoy@silin.ru,88001358375
,alina76,LID~WXsXA2:oj=/,Иван,Ковалёв,orodionov@savin.ru,88001673862
,hbolsakov,?/j$A[fOMFx,Игнатий,Капустин,rsmirnov@korolev.org,35222593888
,boleslav89,"U`Y:C5""\2_UGOquT([",Герасим,Меркушев,viktor.suvorov@vladimirov.org,35222207178
,jbaranov,aL_w|Uq~|7Lt,Павел,Котов,kotov.egor@pavlov.ru,88005472990
,renata.lukin,RgQHBCn6,Николай,Морозов,valerian01@bobylev.ru,88007071317
,viktoriy.rybakov,"joxx-HZOa,&",Клим,Субботин,vera.simonov@bk.ru,35222567995
,nlobanov,"X#[,hUdzDyC*,pyI:)HF",Спартак,Ковалёв,ggurev@ya.ru,35222187992
,innokentii69,"n~{,|Ys",Юрий,Власов,lazarev.robert@narod.ru,35222517844
,silov.mikail,_}YeWR,Владислав,Агафонов,semenov.marina@martynov.ru,79221181553
,aleksei.seliverstov,8YyYxd?s:0Htk'y$2,Геннадий,Шашков,svorontov@hotmail.com,88001756753
,visnykov.anzelika,nEhtgR,Роберт,Блинов,baranov.anfisa@kudrysov.com,79229856193
,babramov,w0k#XO#vrc,Семён,Ситников,orozkov@ilin.ru,35222989761
,anzelika.safonov,"exp:s`NZeF~|,3!6xme#",Герман,Гордеев,fedosy36@bolsakov.org,88004635540
,zukov.eduard,9Dp=Z$(,Юлиан,Горбунов,fedotov.kristina@narod.ru,35222956764
,zterentev,3v{W'=2Cc>\g%Q'mg+,Аполлон,Архипов,trofim77@ya.ru,88005541668
,albina53,"sKP""f""tMLP$vUid",Рафаил,Горбунов,kapustin.vitold@subbotin.net,88005418637
,taras06,\|<gZ(-]Tz,Борис,Максимов,savelev.mark@zykov.org,88001229235
,nikodim.ilin,w{2}g<(:@FLN3]o<#xOj,Валерий,Цветков,ustinov.antonina@solovev.ru,35222309932
,ksuvorov,T.TF|xC',Артемий,Васильев,xnikitin@konstantinov.ru,79227961821
,saskov.vladimir,8N:/fk>yPr2v)a,Рафаил,Логинов,stanislav93@belykov.ru,79221622186
,nbelov,":Z1g`w1o,nN7nwOc5",Эрик,Блинов,ieliseev@zdanov.org,79228556069
,ttvetkov,HfPEk)P&pF%S`*\r(2h,Илья,Ковалёв,dary.solovev@rambler.ru,88003434541
,kkrykov,",t8sc1cCd\Kc3gjf_",Данила,Воробьёв,ysavelev@narod.ru,88007947826
,morozov.tatyna,]@UuP:dFsi\Mui<?j,Матвей,Кулагин,veronika37@lebedev.com,88004469160
,aaleksandrov,"@MIBDcz_M,K""Q01]*j/[",Игорь,Самсонов,uafanasev@isakov.net,88008173675
,tlarionov,"8cH205""|",Прохор,Гришин,veniamin.zykov@yandex.ru,35222320306
,tatyna67,">J*t>gqH""@+O4QNa<",Фёдор,Трофимов,dominika.lavrentev@ustinov.ru,35222124023
,hbirykov,0^.=yiP[]RGNP8^a,Артём,Терентьев,zvorontov@list.ru,88009671865
,lada.nikitin,:ehO`*0$%domh,Борис,Гаврилов,korolev.ananii@mail.ru,79229965850
,odintov.german,)JC]@L&!bp$j,Леонид,Нестеров,uefimov@inbox.ru,35222008456
,vorontov.dominika,Err:509,Кузьма,Зайцев,medvedev.olga@lapin.ru,35222166874
,lobanov.rostislav,}p3NGnlX!IAs*!Y,Иосиф,Афанасьев,platon.matveev@orlov.net,88003289947
,ignat.panov,"?zkM(7U""_=|lZ",Рафаил,Денисов,bvisnykov@lebedev.com,79222221296
,koselev.dmitrii,";>pX][ZjBOfrMR>]@""",Анатолий,Носков,olga65@yandex.ru,79226834013
,subbotin.diana,|*Z0Fet.`5x$,Матвей,Цветков,korekov@titov.ru,79228154470
,valentina88,Q'nEWO:JC)32Y,Олег,Веселов,alla.subbotin@mail.ru,35222727970
,qblokin,r*1@<)3Gw?,Владлен,Никитин,dmitrii38@mail.ru,88004561689
,aleksei.rozkov,"v'b!""*9*",Павел,Ефремов,gerasimov.dmitrii@filatov.com,35222609886
,marta05,DSEFBwNI4d,Валентин,Рожков,zaitev.inessa@rambler.ru,79228241748
,tkudryvtev,lYGd(1~u,Игнатий,Князев,cblinov@bk.ru,88001738717
,erik42,AP$XWV(K2,Никита,Медведев,blazarev@bk.ru,35222002933
,avdeev.veniamin,Zp>F;;Q-H4YUg&RwdL,Матвей,Никонов,nsafonov@mail.ru,79228762959
,nina.matveev,m]$E>TJ&A1u94o~2,Святослав,Борисов,zlata.vasilev@zimin.com,88005350444
,kseniy13,RlcK5V-}/,Аполлон,Борисов,olesy19@rambler.ru,35222796673
,ylian54,RbwUyf^U,Анатолий,Шарапов,albert.merkusev@list.ru,88003943258
,npetukov,!%Ps!~,Владлен,Кононов,lydmila.fadeev@yandex.ru,35222563062
,sokolov.garri,(lu??\,Нестор,Романов,trofim.aleksandrov@gorskov.com,35222818662
,galina.visnykov,_DHu5ngpA`eI6TRlmRZu,Геннадий,Вишняков,vorontov.inessa@zykov.ru,88001573682
,belousov.stefan,GKV.p}X8DolS,Иосиф,Карпов,tatyna60@tarasov.org,79226702544
,taisiy68,6^@Fmu_}%xS%$KXSq-Y,Даниил,Ситников,visnykov.diana@hotmail.com,35222338124
,vladlena.samsonov,K*L!1A.0&@^,Константин,Бирюков,yroslava16@ya.ru,35222672306
,marina.silov,1;4ib8mqnPwAH0t&Zt,Виль,Поляков,izolda67@koselev.net,79228109710
,gerasim04,3|\UKI,Юлиан,Гущин,volkov.igor@bk.ru,35222502634
,milan32,kpQ1'i'cLqam8t0o(5C,Трофим,Веселов,malvina21@hotmail.com,88009128033
,albina71,^53_c~pO(,Филипп,Денисов,ignatev.florentina@gulyev.com,79220329541
,makar.afanasev,\k}`=sM<E8.;16m,Роберт,Данилов,kononov.larisa@galkin.net,79228721112
,valerian07,|FLZ&d8rA7U35,Гарри,Морозов,elizaveta.rodionov@ya.ru,88006541928
,onoskov,p5:hvN]M<O+t;/P21,Аркадий,Бобров,skomarov@mail.ru,88000050225
,zpavlov,f8C^^h-Y823iq8K_,Арсений,Соболев,medvedev.valeriy@yandex.ru,88004385996
,kpanov,:9{CF+cvvbpGI,Ефим,Гущин,panfilov.ekaterina@inbox.ru,79221871589
,solovev.gordei,5^yVjrF^#^U'q+},Яков,Давыдов,boris.zykov@rambler.ru,35222227422
,orlov.yliy,y&pQ!Thye=lH,Эдуард,Соболев,sbykov@gmail.com,35222984216
,mkudrysov,?W~tUJ(SWf)9j(<0Pp,Евгений,Тимофеев,denisov.grigorii@list.ru,79223491854
,yserbakov,CRYV?EW`:|>~$T,Вячеслав,Белозёров,jgordeev@mail.ru,79228467487
,krasilnikov.konstantin,34%&'El!+,Адриан,Шашков,vitold98@eliseev.com,79222005108
,david.bobrov,\CPqvF,Юлий,Константинов,pgusin@list.ru,79221974100
,dominika.sysoev,>#wm8V]`8EF5<x<OVfd},Иван,Михайлов,fedotov.regina@belozerov.ru,88001697987
,florentina28,%}k{-*\5,Лев,Новиков,gusin.tamara@mikeev.net,79226797851
,suvorov.klim,W#TB.iYmg:2Dy6+D@,Лев,Баранов,milan31@inbox.ru,88002456517
,ckondratev,"(h=D_YM1rm-i""j",Милан,Елисеев,sestakov.mariy@yandex.ru,79221529054
,daniil.artemev,3!eG+jX$V?y)+d|_B:-,Леонид,Макаров,svytoslav50@yandex.ru,79225746298
,zaitev.denis,l-v3L_?nM~kW*3BXC,Прохор,Фёдоров,tatyna.likacev@list.ru,79222358060
,viktoriy06,3M81+*:HP$.I>L_\,Эрик,Зыков,gerasimov.liliy@frolov.ru,88006443882
,kozlov.taisiy,5d:h-So,Кузьма,Калашников,avgust49@gmail.com,88001741338
,yna94,"Bp`Ov""Y|9#7_#RQbl",Спартак,Бирюков,gordeev.radislav@yandex.ru,35222136429
,lobanov.artur,")p)aN@l>I.N2d<Xp"">",Николай,Осипов,zinaida.lavrentev@moiseev.ru,35222618777
,iskra55,{\Uom(!E/O4S`2R:,Аполлон,Смирнов,eovcinnikov@hotmail.com,35222544109
,fkrasilnikov,tpbJ9e=lBw&{(3xeVm,Анатолий,Филатов,vlad.sobolev@mail.ru,79229498409
,kirill.frolov,"uzVYQCHPj.7:,",Арсений,Самсонов,petrov.makar@moiseev.ru,88003894100
,mgromov,pUNh*C:ZYD%iX{[FTO6,Кузьма,Кабанов,adrian.veselov@ya.ru,88000239138
,kazakov.daniil,R(.vp'DC[9EmYqVz[,Виль,Дьячков,elvira.fadeev@mail.ru,88002617150
,ctvetkov,8NJy66B,Данила,Блохин,mironov.nina@yandex.ru,35222591459
,koselev.tatyna,y@Cy37}!&1ff,Болеслав,Медведев,olesy.fokin@rambler.ru,79222398297
,kirill.panov,&XS:EPuJ6!p#uD|N;x,Роман,Авдеев,irina01@visnykov.ru,88008897501
,kristina69,"raze5`.\,^iZ04",Платон,Иванов,ptrofimov@gusin.ru,88003709067
,pdementev,h.Wt<K7eEbH&zu~9C+-,Милан,Котов,rozalina71@vasilev.com,88007020228
,kulagin.ulyna,^9*4N9IjX=,Анатолий,Васильев,msarov@gmail.com,35222159206
,svytoslav.safonov,v]c(JV`=,Геннадий,Суворов,dobryny.sestakov@inbox.ru,79222393984
,dementev.vitold,6ZeM(.cx_tsh3l,Дан,Кудрявцев,lybov.mamontov@bk.ru,35222883812
,ttrofimov,lt}T7}ngfTw7IRCk!k\^,Иннокентий,Воронов,zpanfilov@narod.ru,35222592223
,gusev.emma,"nmUHnXA[HR""A}=EDr",Ананий,Макаров,rusakov.antonin@yandex.ru,88009251151
,liliy.medvedev,";K,X]rZ?S>",Виталий,Фокин,jzinovev@narod.ru,79229042634
,iskra87,<l2u.649,Дмитрий,Тихонов,klementina71@mail.ru,88006865559
,aleksandrov.gennadii,vki9!un|h,Герман,Панфилов,lysy.efremov@ya.ru,79224515981
,fagafonov,eVh>1Lda<|wwAv(i3,Степан,Васильев,loginov.izabella@bk.ru,35222484397
,zlata.likacev,"E%-VR&y,6bug",Матвей,Морозов,gavriil.kolobov@eliseev.net,35222663207
,savin.viktoriy,U>^{z%*`GpJ%V.[+w!,Богдан,Гурьев,gnazarov@nosov.ru,79221481757
,egorov.alisa,z^B*?%kJ(7(lL>,Арсений,Носов,viktoriy.romanov@narod.ru,35222897928
,valentin.kovalev,6a}G[HN;we~2wc6a%,Мирослав,Анисимов,simonov.renata@yandex.ru,88009880361
,nmukin,-J+kyIN,Герман,Силин,ekudryvtev@visnykov.com,79225531314
,ykomarov,LlZYI$|AY^(,Никодим,Русаков,klim.afanasev@ignatev.ru,35222189658
,polykov.alla,+r]Ddo3YLE,Лев,Виноградов,avgust51@rambler.ru,88009145941
,kuzmin.adam,wE^4d;n-NUa;0msma,Сергей,Шилов,lydmila.mikailov@mikailov.net,79229083926
,oleg12,bw8T)Yz,Данила,Зайцев,pavlov.polina@kudrysov.ru,88006705821
,nikita.maksimov,^^4i}Jz,Нестор,Муравьёв,bkulikov@gmail.com,35222387846
,suvorov.antonina,VC$`nHmqp@.U,Денис,Селезнёв,rozalina.rybov@ya.ru,88002113613
,sokolov.rafail,G&$[n0'!}Lc,Тарас,Симонов,ggorbunov@panfilov.ru,35222063993
,dobryny.pakomov,~y7G'$n3>MJspTI*&4u,Ефим,Шубин,antonin.dmitriev@narod.ru,88000348635
,emiliy.panov,ssOBSt,Глеб,Беляков,abram79@gmail.com,79220191834
,mironov.lada,YitAgFf3KOG,Ефим,Аксёнов,qmaslov@sukanov.com,35222687320
,bogdan07,<puX.G?C.!atx}k,Иммануил,Якушев,ustinov.zoy@kolesnikov.ru,79224563230
,gerasimov.tamara,o6F$|s:,Игнатий,Авдеев,vserbakov@noskov.ru,35222241528
,wfomin,Qfpkq')TLXNv,Милан,Гуляев,lev66@morozov.ru,35222111105
,jmakarov,j-[J&Vn9v,Тарас,Наумов,galkin.danila@ya.ru,88005669439
,fomin.igor,"6,+>+.\D=>l""",Борис,Михеев,nnikonov@savelev.net,79226049717
,kapitolina.antonov,f/`Sa8.Kq;cV,Анатолий,Лобанов,qovcinnikov@gmail.com,88004955808
,valentina.stepanov,Nx<RT+V/rnfHHFx!d~,Юлиан,Богданов,zlata.kornilov@kulakov.com,79225871658
,cbelousov,":DAmeY|<^uAmkE17!,6",Платон,Максимов,valentina75@pakomov.net,35222069151
,kapitolina61,Err:508,Иосиф,Мишин,evgeniy.kudrysov@belykov.org,79221915823
,vitold54,3@C>39Z+5cs,Адам,Лихачёв,fedosy95@tikonov.ru,88009117448
,danila99,pN'13AD-Ws^,Виталий,Кудрявцев,afanasev.ananii@hotmail.com,88008208369
,dkarpov,khj[K;y,Василий,Медведев,livanov@zukov.ru,79220891190
,stanislav.vlasov,3j7\Oy{bn6jRc^U\IN,Альберт,Гордеев,marina62@mail.ru,88000298794
,emikailov,`=p{fO2wB,Платон,Воронов,filippov.erik@yandex.ru,88004122403
,dorofeev.polina,L%T*^O+h~J`xx)d,Ярослав,Архипов,elena20@mail.ru,88003766699
,vgurev,#pi-'V:7i~,Макар,Беляков,sofiy.smirnov@list.ru,79229008656
,marat.petukov,^canik`HhcG[,Пётр,Кондратьев,zinaida38@narod.ru,79221630478
,oksana89,*SC6BoK%,Иван,Дмитриев,vadim.panfilov@fomin.com,35222393216
,isakov.ignat,K!!G{xLFRJFc3,Сергей,Большаков,rkotov@list.ru,79222066429
,smirnov.elizaveta,ju-V80O@JNHt|Rc,Гарри,Куликов,ysitnikov@list.ru,79220324182
,ngorskov,YoCXr3,Давид,Гурьев,vlad.lebedev@vladimirov.com,88005114986
,dandreev,qv2sy;TYsii,Роберт,Крылов,inessa14@bk.ru,88000663352
,saskov.malvina,/O7>eGr4(},Альберт,Новиков,anna.korolev@bk.ru,35222602686
,burov.klavdiy,"Fb0I(yGx=dQlc%W""t_",Степан,Муравьёв,vsevolod33@inbox.ru,88003179755
,nnikitin,|>I@Po#bi?,Яков,Бирюков,rada.davydov@gmail.com,88004586402
,terentev.vladislav,}uZ;u85['.C`8J^j2.,Андрей,Терентьев,ylian57@moiseev.ru,79227530238
,jkuznetov,WTGrP)T]OT,Юлиан,Воронов,solovev.lybov@bk.ru,79228170127
,elena28,_Xw0BlIE-{,Милан,Дьячков,miroslav55@rambler.ru,35222121412
,jkomissarov,"3qgk}RF""",Аркадий,Комиссаров,artur44@seliverstov.ru,35222441673
,rybov.tatyna,jdbf{$o}g,Ян,Кудряшов,eva.silov@burov.ru,35222781711
,zaitev.valentin,<h/LNYA]sPblf#X,Вадим,Горбачёв,regina28@ya.ru,79220090770
,varvara.solovev,"wevDpkA\w?D,",Кузьма,Казаков,liliy57@inbox.ru,88009354447
,iustinov,!fd4>w,Эдуард,Устинов,dorofeev.albina@aksenov.ru,79228404653
,veniamin91,JV{^KVV]@t><#/7,Филипп,Прохоров,tamara81@gmail.com,88004788030
,iskra67,"'+""AsaRIRQV?6",Семён,Игнатов,vitalii75@sorokin.net,88005184000
,tikonov.vitold,F4m|3(3LH,Семён,Пахомов,grisin.daniil@zuev.ru,88005005087
,zinaida48,yBRyCRgA,Адриан,Шилов,valeriy.timofeev@afanasev.ru,79225174616
,gerasimov.ignatii,vS6cOAGz,Григорий,Тарасов,yna03@rambler.ru,35222682649
,bfilippov,'Od9ctxx8d/!Yw9O7$]Q,Ираклий,Гаврилов,rozalina36@list.ru,88004450198
,odintov.bronislav,?i4MOy3\HZ,Степан,Брагин,antonina77@bk.ru,88001608143
,birykov.radislav,(lJ(a`n`~Q)DKWJuAvN,Милан,Фомичёв,orlov.malvina@melnikov.com,35222610669
,yna.sokolov,*7[)i;I.$c>P~N96*D,Владимир,Гуляев,kseniy55@kudrysov.com,79226985412
,safonov.alena,ox=m5#>,Викентий,Шарапов,lydmila02@savin.org,88000371799
,skirillov,aN0&9:?U,Артём,Кудряшов,cdavydov@volkov.ru,79221732497
,abramov.afanasii,H_S^G%e<%1Se&0y_Kk,Сергей,Аксёнов,garri.bykov@fedorov.org,79220619674
,ogromov,G&q^/(/\3,Викентий,Белоусов,dteterin@gusev.ru,79222691240
,dan05,{/4vd|,Нестор,Орлов,matveev.lidiy@belozerov.net,35222137476
,kpetrov,BHX01GU2jF@$$aIE//w3,Пётр,Аксёнов,lsamsonov@mysnikov.net,35222509731
,iraklii.denisov,v[gFzu},Максим,Игнатов,fedosy49@grigorev.ru,35222236311
,polina54,"h]{QS(""",Даниил,Горбачёв,ykovlev.robert@burov.net,88002359068
,fedosy.visnykov,~.z!s1DZqIC6+,Викентий,Никифоров,abram.lebedev@arkipov.ru,88002613222
,nestor.dmitriev,"`MvE]N8L'i*a[/`1H,",Сава,Дмитриев,fedotov.leonid@denisov.ru,35222035789
,smukin,sj6%3dXlD2yK,Ян,Дмитриев,semen.kudrysov@narod.ru,88003782334
,progov,Z{U6'@8%5?u,Аполлон,Дорофеев,eduard75@frolov.org,88007526917
,terentev.alina,lI+Mg+WqKJu,Герман,Панов,mukin.anzelika@gordeev.net,79228810822
,kazakov.diana,-]|r'DR;PP{arb,Артур,Алексеев,lytkin.vladislav@sazonov.net,88008343397
,izabella.blinov,";\""-,(jI3?t,iz",Валентин,Зайцев,eva.gorskov@list.ru,35222751594
,wsilov,"P{.!H6WRerai,^=KC",Геннадий,Орехов,zinaida.molcanov@hotmail.com,35222243529
,qsemenov,Yy9!xtyym,Виктор,Силин,yliy.baranov@odintov.ru,88006543077
,eva.efremov,?iWrIPQGvGN,Антон,Власов,kudryvtev.artur@maksimov.com,35222827357
,vsevolod62,\Kd}WRm55zZGK,Григорий,Агафонов,unikitin@semenov.ru,79221733077
,iermakov,jr;7-7)c;wdr?jQ%,Михаил,Селиверстов,anfisa68@mikeev.com,79222829329
,oleg.sazonov,cvIu/sb),Валерий,Костин,stefan72@list.ru,79228610933
,petr29,ESFm6'mg(7U<1'jcU15,Михаил,Туров,kirill.samoilov@ya.ru,35222548085
,aleksandra19,;~c[{s{V,Никита,Агафонов,renata13@gurev.ru,79228164368
,lybov.vladimirov,_I7Z!}1@Xz}8,Валериан,Беляев,florentina.sukanov@narod.ru,79229880121
,qvisnykov,`-s9&},Виктор,Мельников,veronika42@kulakov.ru,79222406133
,popov.kseniy,;vc*b{ycE;g5]'O,Афанасий,Шаров,milan.gusin@konstantinov.ru,88003310803
,aleksandr85,7u(q4KW[,Игорь,Исаков,margarita17@hotmail.com,35222440752
,osarov,PE+Q|[MFA)Y``&'2f,Денис,Муравьёв,dmitrii.bogdanov@makarov.ru,79220653244
,klim72,;BfYarD-\H,Дмитрий,Дементьев,sgusev@gmail.com,79221537413
,gseleznev,zk_\<K8cI5/%&)ASuu,Прохор,Никитин,esimonov@inbox.ru,35222356512
,merkusev.savva,[r8Q-VX[l,Эдуард,Кулагин,mikeev.igor@mail.ru,88001507331
,jodintov,"qx96P,h]]",Адам,Чернов,igor67@panfilov.com,88006917788
,emiliy.moiseev,gjbKvM*t3mv4[Y9,Роман,Самсонов,komarov.lydmila@lytkin.com,79224718582
,artemii.drozdov,fPiZl'BDN#5@h#.%u,Андрей,Филатов,egurev@yandex.ru,79221192559
,qzakarov,)]9S<6<=<1SJT,Адам,Рябов,aleksei42@rambler.ru,79225973370
,eva.silov,"K.h[6p<""-5dj=03HtXSm",Август,Комиссаров,regina83@ermakov.net,88000550327
,stimofeev,F{{YU%,Кирилл,Маслов,vil.panov@trofimov.org,79220879809
,aleksandr.petukov,[d4A<7'/&/c,Аркадий,Логинов,dina.molcanov@ya.ru,35222099735
,ogalkin,"iOODK4~I>d;CV.C(O""oW",Вадим,Тихонов,irina.loginov@sysoev.net,79225896259
,andrei22,_iV|PxLjs,Артём,Никонов,enazarov@ykovlev.ru,79228458649
,valentina00,6vNqxKQ,Максим,Самсонов,lysy.efimov@samoilov.com,88007607321
,faina.sazonov,|[dKo*!u|)e%U,Адам,Ковалёв,ukudrysov@list.ru,88001430885
,vefimov,&N[:39Qx+j1^_T<,Геннадий,Мартынов,afanasii.sitnikov@bk.ru,35222503694
,varvara95,UA\+YszTQ0vc2]k`_<,Анатолий,Устинов,fomicev.klementina@list.ru,35222276145
,emiliy29,ur2jO0[8,Вениамин,Цветков,seliverstov.fedosy@merkusev.ru,88006857532
,kulagin.efim,Y/Ax1-dWRdr;MWw~,Вячеслав,Архипов,kolesnikov.aleksei@sestakov.ru,88009120192
,bykov.fedor,[xm5#!y]\U\Xj,Роман,Кулагин,muravev.rozalina@matveev.org,35222958752
,anastasiy.zinovev,"jn2CeMbcN,",Родион,Соболев,eva59@panov.ru,88006353927
,timofei.strelkov,lP:]$H_7,Герасим,Крюков,irina19@subin.net,88002210442
,ponomarev.renata,o?[c=eY9:W_LmxJ^D8X,Вениамин,Дементьев,ananii.sergeev@hotmail.com,79227897182
,aisakov,"KZf3llUKt#{CY5,",Аркадий,Воронов,cdanilov@konovalov.ru,88003077034
,lavrentii20,yOhlD%e4$tG!JBb,Роман,Романов,filippov.daniil@bolsakov.ru,79227196495
,eorekov,wlMup|?9,Бронислав,Миронов,iskra97@narod.ru,35222677910
,yroslava.borisov,">""sHQ08K",Герман,Фомичёв,artemev.daniil@grisin.com,79226801018
,afanasii.bragin,"&,[,R[<6[)y4O",Прохор,Давыдов,tromanov@inbox.ru,88007516962
,vitalii.ignatev,"b$7n#7,|2&Sf#Bf%j;M",Ефим,Никифоров,leonid.saskov@vladimirov.ru,88007868937
,iraklii27,"H#rzzSRJ""5",Виталий,Котов,irina60@gmail.com,88006839662
,torlov,kxy5GkA/#8dg6H!r;@k,Стефан,Крюков,lybov.nikiforov@lukin.ru,35222743040
,alla44,"45o<nKB$v*|51u"",w",Григорий,Жданов,bgavrilov@ignatov.ru,35222239242
,kristina99,"j-1IM15T""j{)QQ$",Дан,Бирюков,anfisa.doronin@narod.ru,35222417776
,petr.rodionov,$K?Z}]N!MO#^Wg,Леонид,Зимин,noskov.olga@ya.ru,79225631728
,ykovlev.svytoslav,-UCs>L)H,Богдан,Щукин,izabella.silov@mail.ru,88002594279
,anatolii.ykovlev,y&O\>eK\;\DLRqL'uzr,Ананий,Лебедев,czuravlev@ponomarev.com,35222133188
,polina46,5H|!W5O$eJ8a$G^i/S6o,Филипп,Ильин,rodion70@ustinov.ru,88003146608
,ylii.belozerov,iZh17FbsnJ,Платон,Тетерин,emiliy92@ya.ru,88009032211
,pmarkov,osul(FMB,Данила,Одинцов,gerasimov.roman@list.ru,79223436007
,qsarapov,UBH1qW7,Максим,Копылов,valerii88@golubev.com,88008562637
,petr55,g5m).-=w8X,Кирилл,Комаров,burov.nina@narod.ru,35222330805
,veronika.larionov,%dMuPrdr)r6A(Z6O-2,Захар,Калашников,pestov.taras@strelkov.org,79222121140
,anton35,oFARF_MX~sQrg,Стефан,Голубев,veronika.merkusev@inbox.ru,79228489130
,nikita.konovalov,^6&9RcYL$-1b6Xf8V,Вячеслав,Беспалов,marat.maslov@antonov.com,88004213267
,muravev.raisa,.s;5|_PpAJXjhE}3,Глеб,Кузьмин,gorskov.iraklii@list.ru,88002434593
,igorskov,jk{1037i_(Mhu,Гордей,Егоров,mefremov@ya.ru,35222943367
,kalinin.renata,"Bq)R-""k&F{;{<pg@*",Аркадий,Буров,emiliy.noskov@rambler.ru,88000614086
,larionov.daniil,uts&=:.,Геннадий,Степанов,savva51@hotmail.com,79222917518
,donat.sarov,NavAG!YT-2g@3*-,Мирослав,Туров,andrei27@ya.ru,35222223932
,srodionov,IRU(IVXEv?+(~J&k:,Марат,Владимиров,panov.vitalii@gmail.com,88005541182
,lydmila02,Q[V>mQTkKiyfTz+%`Z,Адам,Архипов,konovalov.artem@rambler.ru,79222959535
,nikolai.gusev,"hmrAP,6|p",Андрей,Калашников,jmukin@inbox.ru,79220446254
,eduard72,m_N.(~cA,Родион,Сергеев,zuev.ivan@mail.ru,88007193550
,dan29,ni|x\6,Гавриил,Большаков,fedotov.nazar@mail.ru,79229104680
,inna10,"S_[""i<ZHc]])X$_,",Яков,Третьяков,vera.sysoev@mail.ru,35222878368
,belykov.lev,x+*Wp-{v?W)?crFY@s,Прохор,Русаков,konovalov.kirill@hotmail.com,79224956999
,wtitov,n1W_KN:6),Влад,Бобылёв,albert25@nikolaev.com,35222231307
,hloginov,Y:SG&QII3Z.%XnAQm,Вениамин,Бобылёв,dan46@yandex.ru,79227309788
,miroslav08,p{5\bO>&RQru<#qy8hc&,Богдан,Бобылёв,elapin@yandex.ru,79226845667
,roman.gorskov,"5,uk)XV7\,H~L7t=f",Михаил,Константинов,raisa26@ilin.com,88001768034
,galina.novikov,Y\Q/:BYjL,Нестор,Брагин,tfedorov@gmail.com,79221255208
,kseniy.gorbacev,]F-<r$=iY?eE^,Аполлон,Гущин,akolesnikov@sobolev.com,88001283431
,zoy81,*s=xuzF??k&aE+m,Мирослав,Тимофеев,svetlana.morozov@ya.ru,88004433338
,alina.prokorov,t(Z/zWceqSD,Григорий,Архипов,visnykov.alisa@isaev.ru,35222325705
,sofiy27,Iy{}kz,Фёдор,Симонов,nikolaev.klara@hotmail.com,88003508292
,vyceslav.cernov,D[L>L7I&ejg0olg,Ростислав,Степанов,slytkin@dyckov.ru,88005134199
,orekov.elvira,){[j$?i*/9jj,Аркадий,Калашников,galina.galkin@sukin.ru,79222469525
,tatyna.mamontov,aiQ`[`ALs,Борис,Сергеев,raisa.fedorov@voronov.net,79224424083
,taisiy.zykov,`Z}0&EHcOUvF,Ян,Макаров,timofei02@nosov.ru,35222260637
,adam.sestakov,"#/k<By""%",Абрам,Кузьмин,kostin.taras@rambler.ru,88008952144
,risaev,Xn_F/X&'S5'$YW%s8G6j,Ростислав,Егоров,milan.trofimov@zykov.com,79222267233
,fedosy.danilov,OZCtzTxJ'P^_x1Gc#r,Лаврентий,Рогов,veronika53@yandex.ru,79225014987
,sgolubev,'m'N/N[?y_AaUD},Глеб,Третьяков,gerasim99@mail.ru,35222047879
,fedosy.danilov1,OZCtzTxJ'P^_x1Gc,Валерий,Носов,tatyna.morozov@zuravlev.org,79227729854
,sgolubev1,'m'N/N[?y_AaUD}55,Клим,Нестеров,inga19@lebedev.ru,88000140258
,konstantin.bespalov,48B6sS59%Qb2/5bR,Ян,Медведев,lapin.antonin@gmail.com,88004549448
,filatov.leonid,"|a""xng/o1l#ud'>u",Леонид,Шарапов,sofy44@mironov.ru,79221453579
,kuzmin.vil,`2m*RkYaQ-&6u5~$&,Анатолий,Родионов,polina.strelkov@narod.ru,88000521463
,jfomin,OZCtzTxJ'P^_x1Gc#r 'm'N/N[?,Август,Кондратьев,nykusev@fedoseev.com,88000254865
,bragin.sofy,/!5-FWhm,Роберт,Смирнов,valerian54@list.ru,88000950844
,lukin.emma,<\t0M-zW7mkNrBPf}(],Дан,Суханов,maiy63@petrov.ru,88000498078
,eva66,jI'Mw}/lI,Лаврентий,Захаров,dominika42@yandex.ru,35222115650
,georgii34,"RB?\,aTCD:zvk'",Лев,Калашников,kmerkusev@bk.ru,79227236783
,fedosy.zuravlev,gb$2$v,Виталий,Зыков,savin.antonina@inbox.ru,35222493853
,agrisin,Uv)B|Vq,Валериан,Миронов,ily07@narod.ru,88003477838
,veniamin62,"P+#yZET""K2!-K9q;uf",Илларион,Исаков,qtretykov@petrov.com,79229513509
,romanov.nazar,RouI50q_`t^:1/?,Юлий,Игнатов,gleb.aksenov@narod.ru,79227922336
,oleg.dementev,HH`W'>b,Витольд,Никифоров,smirnov.varvara@mukin.ru,79222512543
,bpolykov,GslA9;*,Тимофей,Горбунов,lukin.vasilisa@kuzmin.ru,35222662715
,evisnykov,@p/b=>hmw2Pe[,Аркадий,Котов,grisin.evgeniy@list.ru,88005590146
,ukazakov,g)ZLYEv1C!lrBLLZ_,Милан,Харитонов,nekrasov.iskra@yandex.ru,35222447869
,xsukanov,D2_9zV6YNX-r;4\VUzs,Борис,Рябов,wpanov@mikeev.ru,35222500233
,akim79,"}ox2Zz)q[`""cNB$",Георгий,Евдокимов,ily86@cernov.com,79225970248
,zkrylov,GBlm2t/66],Юлиан,Куликов,igor79@vlasov.ru,88004304336
,medvedev.lada,0@6^|hf1L2)G/BnUul,Анатолий,Самойлов,xsubin@bk.ru,79225646108
,valentin87,NM~Xd0r,Никита,Одинцов,yliy.sarov@yandex.ru,79225901066
,sokolov.nina,QZ21@YjB?!,Трофим,Морозов,bsilov@hotmail.com,35222119549
,frybov,nWCr^72Tv,Виль,Сергеев,xmartynov@mail.ru,35222968767
,anzelika.subin,a(@tca,Кузьма,Блинов,eduard90@kononov.net,79229653774
,ylian.maksimov,Y@[!tu_@59u>3U,Павел,Журавлёв,rybov.avgust@inbox.ru,79229758782
,dfokin,~Hs&9pOv/jgi8e:N&+,Никита,Ефимов,garri84@inbox.ru,35222891556
,cgusin,XYnL1`TKu,Леонид,Блохин,avdeev.viktor@narod.ru,35222672172
,margarita.fomin,cjPCi(,Лев,Блинов,spartak.mironov@bk.ru,79221455451
,bogdan98,mL^{h}R*zMX,Денис,Смирнов,avdeev.david@hotmail.com,79224818813
,leonid.zuravlev,yLHan$HS)hNcHgp,Адриан,Ковалёв,opetukov@karitonov.ru,88002529110
,fsukanov,VB9|l!-_<!3_,Ростислав,Веселов,iblinov@mail.ru,88004277622
,oksana.dorofeev,7S*zLL49M]X,Радислав,Суханов,bdoronin@kiselev.ru,88005198673
,zzukov,TaqbyLW!|zX[*w,Николай,Пономарёв,ilin.miroslav@hotmail.com,88005629716
,akim27,D.H!F.C&G`RNv$c,Радислав,Блохин,vladimirov.gordei@mamontov.org,35222764182
,rtarasov,O*v9(0R*D.tMquB9pU,Феликс,Кабанов,efim.kazakov@bk.ru,88008426128
,eduard27,:eW$!UW,Всеволод,Воробьёв,dmitrii01@naumov.ru,35222570901
,alla81,W%GajgR/{vs,Игнатий,Александров,nekrasov.radislav@hotmail.com,79220335300
,olga.gorbacev,cfb}T9I),Святослав,Дмитриев,timur86@rambler.ru,88004213432
,kozlov.tatyna,E(F/_Qsl-s_{P*mdX],Адам,Орехов,nikodim.lavrentev@narod.ru,79229168986
,taisiy02,xl:&cgwqoPD<KXzZEm,Роман,Поляков,zukov.vera@sarapov.com,88001208769
,dominika.nekrasov,-]HI/Xm\sHTXYx1n,Рафаил,Быков,bsubbotin@dorofeev.ru,88009190290
,orlov.tatyna,h&#<LeYpz{99FF$ei,Игнат,Зыков,codintov@nikolaev.net,35222599504
,malvina86,p)%}k<[{}mX],Михаил,Горбунов,matveev.ulyna@hotmail.com,35222024546
,fedotov.artemii,$;Y<L({+I,Роман,Орлов,orekov.elizaveta@sarov.ru,88005508829
,nazarov.dan,9A7{VZ{0cVHO$^_?Q&,Артём,Русаков,iskra.kudrysov@yandex.ru,35222627946
,fokin.vera,"l}0,K_kP`p=nS,<`oZ6Q",Леонид,Анисимов,npolykov@kalasnikov.ru,79225970957
,nelli.nikitin,Qx*;*otO_;nyBb4>m(V,Ефим,Горбачёв,hvoronov@narod.ru,88002103046
,bobrov.sofy,S2j+vbS:<,Донат,Ковалёв,ekabanov@ya.ru,88002605556
,seliverstov.lydmila,%zcld$Xa,Станислав,Ларионов,vil17@rambler.ru,79226688428
,eermakov,]D~Fu:co`h_<xA@,Спартак,Мамонтов,tbespalov@subin.ru,35222218576
,robert64,t]I{*GS)wrKDPX/q,Святослав,Юдин,ofedorov@inbox.ru,35222290765
,aleksei.karitonov,34564hrdhd6757,Иван,Антонов,vil.potapov@rambler.ru,79229147884
,nelli21,H-uNM)2)YF@q^V0~lC,Степан,Суворов,nazarov.inessa@vorontov.ru,35222393662
,apollon89,4@oBD9wp}WWSWzT,Николай,Лебедев,tkolesnikov@ya.ru,88008248363
,veronika.molcanov,dqU!SkJpHQ47`s,Семён,Тихонов,varvara.popov@panfilov.ru,88009938090
,xfilatov,"<g$n''8/""|:.p",Нестор,Кириллов,liliy.tretykov@hotmail.com,79222599220
,gloginov,vB9|l!-_<!3,Денис,Кузьмин,vorontov.emma@fedotov.net,79220048614
,umakarov,\ze?XO6gu*qgI>,Рафаил,Селезнёв,leonid21@ignatev.ru,35222777754
,sofy80,&;(l+)Ts_t(G/k-1E2T|,Егор,Исаев,sofiy96@potapov.ru,88008873639
,agafonov.alisa,"E""5Rxo\YbI~o{i",Роберт,Кириллов,izabella76@fedotov.ru,35222845367
,lev34,"z(Y7ZZ?""+%:c;",Адам,Хохлов,inessa.mamontov@inbox.ru,88003863652
,kristina44,P4D{N5,Яков,Иванов,turov.innokentii@zukov.ru,79226031248
,efim48,\;:H3'n,Герман,Богданов,dan81@kudryvtev.net,79226329229
,sfedotov,?3t.ZT)`gyz,Назар,Воробьёв,gennadii90@list.ru,35222919016
,vorobev.liliy,"\fuvk""md}ZA[n2-l%B",Гордей,Дмитриев,faina.abramov@galkin.ru,35222350535
,ykusev.vlad,M6\GbhW,Олег,Комиссаров,jkulikov@nosov.ru,88004174957
,maksim.krykov,rlGa12&')J^CS_W,Иммануил,Евсеев,evgeniy98@rambler.ru,88003457139
,olesy91,fxX$o,Милан,Степанов,noskov.milan@sukin.ru,79227856974
,artur54,"tpH""2Bn?\a3Lvw~P",Юрий,Рябов,innokentii87@mikailov.ru,35222186140
,tamara.afanasev,"Y&*p""CpLwNi",Викентий,Григорьев,dmitriev.ylian@nesterov.com,88004841103
,rlebedev,D+XFg3/ZA6xKXD,Денис,Гордеев,solovev.iskra@list.ru,35222713684
,valentina80,RU`AVf;:hBs,Марк,Кошелев,vil.ustinov@mail.ru,88002769925
,vikentii.sitnikov,N/<BH51oDoLgJnde,Фёдор,Шашков,hrodionov@ignatev.ru,79225520196
,kulikov.viktoriy,"c-FoUY,GH;2""%@h",Ефим,Сергеев,alina29@gorskov.com,88003104283
,lada61,YuNVk$GEqP:]L,Сава,Лаврентьев,ubykov@subin.ru,35222057333
,anfisa98,"[,nf9Zk",Валентин,Маслов,dorofeev.alena@ya.ru,88008841017
,artemii.tikonov,tv]y0L)j)dE,Стефан,Казаков,timofei.kazakov@mamontov.ru,88001427985
,hsaskov,Ol3j>Cu,Ян,Сергеев,tknyzev@vorontov.ru,79224138672
,jkolesnikov,rS*B28gi>),Тимур,Костин,iteterin@zuev.com,35222578128
,ymysnikov,;.KKrytn^FC#n,Данила,Иванов,nelli99@mail.ru,35222376780
,qefremov,"xrkJqu]o8/\dZtPuGn_""",Константин,Дементьев,ylian.sazonov@bk.ru,79226275739
,maksim16,k8>8Q<m],Владислав,Гуляев,gkuznetov@inbox.ru,88005899276
,stretykov,"KbX0G:Vr""~",Богдан,Лихачёв,timur47@mail.ru,35222490796
,qagafonov,<o=sQ//:,Гарри,Горшков,avgust.tarasov@gorbunov.ru,88008615399
,eva82,6/v>llbm1s^7Wk!,Родион,Матвеев,veselov.marat@subin.ru,88008312386
,lada.sobolev,"Nq]ONp""1Wp#;P#{",Болеслав,Цветков,liliy52@vladimirov.ru,79227742997
,ekaterina.pestov,gyuj3`^#|jD=/hId,Гордей,Максимов,iskra.bolsakov@volkov.com,35222762322
,potapov.dmitrii,JE)Vqb^N,Аркадий,Бобылёв,elvira.golubev@narod.ru,88007660920
,ydin.semen,5%x1bhcnYpZ;-#MT!,Милан,Савельев,eva.nikitin@hotmail.com,79229181559
,olga.prokorov,S]'ch!J[o#9fleG,Валериан,Горшков,ntretykov@birykov.com,35222564026
,vlasov.georgii,Zjn/I\,Рафаил,Игнатьев,lidiy20@yandex.ru,35222450546
,sofy64,"PB)88S9}w1VcDl+S6,/",Влад,Кондратьев,rlazarev@bk.ru,88009674365
,vadim81,oFc.)f,Мирослав,Сорокин,kristina82@ydin.com,79229353650
,lada.birykov,[$KFXYjfEyHzuE]{,Радислав,Егоров,elvira.noskov@sukin.com,88007321611
,aleksandrov.makar,Err:520,Савва,Николаев,uprokorov@list.ru,79228449417
,nbelyev,o{xe'7~bPB(xZ(,Вениамин,Селезнёв,svytoslav.blokin@ya.ru,88000230601
,belousov.feliks,E217jBbohT,Болеслав,Дроздов,fedotov.sofiy@hotmail.com,79226957114
,oksana.karitonov,uWD=nVb**7qAzu7y-,Дан,Титов,markov.kristina@blinov.com,35222256903
,afanasev.dina,k~Nrqza(O!v9,Гордей,Быков,nika01@misin.ru,79223192329
,ovcinnikov.nina,17iW%<bHYTvM,Лаврентий,Шашков,vitold.sysoev@yandex.ru,88009506184
,kalasnikov.egor,"s/#j&4Ml]W+_,Ul:&m;w",Вадим,Бобылёв,garri.moiseev@bobrov.ru,88003891958
,wnesterov,g)z:#B|,Геннадий,Калинин,jlikacev@narod.ru,35222207144
,egor97,"bq1,w/)1.o^}A`~",Александр,Баранов,adrian29@baranov.org,35222175958
,rogov.maiy,Xp<~)j2,Игорь,Дроздов,stepan.blinov@krykov.ru,79226068645
,aksenov.lydmila,56B5iq.I#$oK^t_,Милан,Морозов,apollon19@kazakov.net,88008904857
,mevseev,L\L&i`TSWter,Ананий,Никонов,maiy92@rodionov.ru,88001362591
,pavel63,+Z*(]/,Абрам,Родионов,abramov.vyceslav@ya.ru,79228958121
,vladlen.petrov,"Y>%]PQG-CL""2_L4`=3/",Пётр,Гуляев,ykabanov@belov.ru,35222151250
,viktoriy.vorobev,GcQ(egK\A^BN;b5-Ee:z,Гавриил,Фомин,lytkin.eva@ya.ru,88006868745
,roman69,2wOdmQyGIp4Yw~LunJ,Добрыня,Ершов,gavrilov.diana@list.ru,88006278334
,nikitin.yroslav,"'6w)*""_~b4u^*Wwk",Август,Борисов,alina.rybov@moiseev.com,79229380649
,isakov.gennadii,@^UK}.:r,Влад,Абрамов,krasilnikov.anton@gmail.com,35222084875
,nina.subin,HTDKf#v-6Cfo,Даниил,Кудряшов,alina.kulakov@ya.ru,35222867120
,zanna01,w;rRjKZ:;~Lh5,Стефан,Ларионов,emelynov.diana@narod.ru,88002181725
,egor.ivanov,"i2wL""mVc3sG?I",Спартак,Комиссаров,sava.zaitev@inbox.ru,88008151481
,izabella.kolobov,"B}[w:{_<e"";hg*",Николай,Одинцов,likacev.savva@burov.org,88004126053
,qkononov,H~.Un1'?2>mdcLB,Владислав,Евсеев,bbelyev@nazarov.ru,88002358024
,sgerasimov,"<We&Yt}6&Oe[,::U",Виталий,Мамонтов,martynov.ily@panov.com,35222933749
,omedvedev,H;j9BKIT~7{',Родион,Никитин,pmaslov@rambler.ru,35222285743
,rada.polykov,c0BT_!h|W~)#24h$jsz@,Лев,Андреев,knyzev.donat@hotmail.com,79223863385
,oleg37,.7]TC|n/#m!9T&[,Всеволод,Быков,regina57@orekov.ru,35222412850
,zsidorov,&=2A6/':,Адриан,Тихонов,dary.zimin@osipov.net,35222693306
,femelynov,fZXk_t\V7sD7T),Антон,Дементьев,sarapov.danila@makarov.ru,79223955832
,viktor40,Ox?v5%CE{,Бронислав,Лыткин,vorobev.valerii@komarov.ru,79220188687
,alisa.kondratev,Ir:_87NYwfyaF>;,Лев,Некрасов,osazonov@yandex.ru,35222718008
,dary.krykov,1%)}>K-Y8i-B1,Август,Шарапов,bogdanov.larisa@list.ru,35222776106
,antonov.nikolai,mP1%GTOZUPo,Альберт,Терентьев,veselov.taras@hotmail.com,79228025564
,boleslav.krykov,"]n|\1,<I,-L;ah",Георгий,Сергеев,irina.molcanov@grisin.ru,88006740505
,lysy.mikeev,Y^ghl:z,Адам,Дьячков,sykusev@terentev.ru,35222610276
,avdeev.mariy,wlD#Y#t4Kgij9u.,Яков,Петухов,zinaida60@yandex.ru,35222928969
,dina.kornilov,0qe0amg-.N$'MaGe-v\S,Иммануил,Шаров,kevseev@fedoseev.net,88006857516
,cvinogradov,$?tFrHQ&<9N7,Гарри,Овчинников,dominika.subin@bk.ru,88000923677
,inna.orlov,@eOsZZt,Даниил,Ефимов,kuzma78@bk.ru,35222168562
,liliy76,'&5$p~}$,Валериан,Галкин,jgavrilov@sukanov.ru,35222758716
,margarita11,C*Xv^z'AWj7U(5[4f_R,Фёдор,Павлов,ananii.ignatov@gmail.com,35222075338
,prokorov.milan,9xpI7d12ZuO\,Спартак,Осипов,darkipov@titov.net,35222556498
,viktoriy77,-79!12hI#_P,Афанасий,Поляков,stanislav30@inbox.ru,88009396435
,rogov.oleg,"5a$=/6)Le""9mOU~",Борис,Копылов,nikiforov.regina@mail.ru,35222880848
,iskra.dyckov,9%Z2=m[Mv3u7qq:,Вадим,Воронов,petrov.evgenii@list.ru,35222643472
,vkolesnikov,a]U!&Rn,Иммануил,Артемьев,naumov.lada@rambler.ru,88008635916
,ignat.grisin,:[|EILP2&G6b,Юлиан,Блохин,zzakarov@rambler.ru,79225726007
,galina.popov,:4zEe=,Геннадий,Костин,illarion.belozerov@visnykov.ru,79227896520
,platon16,").jU37pT)ZK3]`%\qi"".",Адриан,Корнилов,donat76@yandex.ru,88003561445
,fdmitriev,"^/f47ZbLvigWf""d",Донат,Сафонов,anna.moiseev@yandex.ru,35222402813
,efremov.vera,g!wsCq#,Викентий,Агафонов,kirill.isaev@martynov.ru,88000678446
,efim.petukov,X|YFB.c,Станислав,Юдин,tit07@naumov.ru,35222541613
,egor20,~j}'>(x?3r@h9(IL]CLq,Степан,Крылов,fedor18@kuzmin.ru,88001930701
,mikeev.alina,ttz[7M[JE(~'YUL#$,Илларион,Голубев,izolda.potapov@narod.ru,79224168696
,arkadii07,"9$a}x>h'A""js)<",Добрыня,Лапин,kapitolina99@hotmail.com,35222614743
,titov.inga,",Xy2,e1YhKdCx,Y]",Николай,Новиков,ignatii90@list.ru,35222761593
,vikentii.serbakov,@Nn@5\-,Артём,Буров,muravev.zakar@yandex.ru,35222777056
,nikiforov.elizaveta,]*<duwbu<,Виталий,Константинов,bsidorov@eliseev.ru,79226987698
,jturov,S^P&SXya,Николай,Носков,sava26@narod.ru,35222240140
,lrozkov,MYfN&1r,Даниил,Терентьев,nadezda75@bolsakov.ru,79220353719
,kuzma49,\RiNo8HG4X+neVL82HBV,Адам,Борисов,polina.maksimov@lukin.ru,88004894064
,safonov.timur,7t<9%1xE?owlc=nLq,Валентин,Костин,izolda.sazonov@yandex.ru,88001887620
,artem.ykovlev,\1&T9U-<$OwQ@HW_e,Андрей,Белоусов,jsukanov@yandex.ru,88006804840
,isubbotin,Oxp*Tj/M@@8,Иммануил,Быков,kopylov.lidiy@inbox.ru,35222011111
,nmuravev,"<o8{jMY\rXZh9e'""el,",Савва,Лаврентьев,gavrilov.yrii@gmail.com,79227338704
,stefan73,"qWLns,4JynCK",Донат,Емельянов,veselov.vitold@tvetkov.net,79223692417
,lukin.nina,"F""!c7MCFg!m",Валериан,Родионов,ermakov.iosif@hotmail.com,79224239293
,nazar98,"j)Ch,Mn",Роберт,Блинов,ysiryev@savin.ru,35222427656
,florentina.rozkov,3tU_B'ypp/,Никита,Фомин,kostin.aleksandr@orlov.ru,35222946521
,vladislav54,2:3S^<%$p,Семён,Логинов,lysy70@ya.ru,35222551951
,robert.aleksandrov,Zg$fDs;7?&IK=,Иммануил,Чернов,ignatii08@ya.ru,79222921469
,ifokin,QyBs/>,Богдан,Макаров,iandreev@bykov.com,79226515877
,marta.vorobev,7Hz-(y3P%U?&biKI*_,Константин,Максимов,denisov.german@rambler.ru,35222962759
,oleg.mikailov,<iSH~T,Святослав,Тарасов,hsimonov@narod.ru,35222666580
,pestov.bronislav,qj`&9KQ'sP!G\,Матвей,Степанов,tponomarev@kiselev.ru,35222710185
,merkusev.maiy,;!L;v&6OSb5Srj;?<Yl,Иммануил,Стрелков,yfedotov@panfilov.com,88009876939
,ekaterina67,7`ZjLI^?M(^mh|(,Викентий,Лыткин,stefan.titov@mironov.ru,88008261497
,fedosy.sarov,<A$(7Jnyv,Егор,Герасимов,boleslav.davydov@gmail.com,35222057155
,bolsakov.afanasii,lR{l&B7pq{Npf,Глеб,Белоусов,renata.ydin@gmail.com,88008299442
,sukanov.renata,\zaYLS#\xguy,Руслан,Баранов,viktoriy72@list.ru,35222971193
,inoskov,j~SbD.JCV2M00m_&lI6#,Милан,Мухин,skaritonov@inbox.ru,35222602371
,ignatii.gorbunov,"bLq7#{wXilg@_&sZ,h*(",Анатолий,Сысоев,albina.korolev@trofimov.com,35222067966
,albert83,tG\t[R>Qp.,Болеслав,Орлов,anisimov.fedosy@list.ru,35222977305
,zoy33,?;'c}mCouTI_*'S,Артур,Евсеев,ylikacev@belousov.ru,35222558444
,nazarov.rada,YYFR)3T{K0)hqD>L6,Сава,Андреев,daniil.avdeev@gorskov.com,79228268562
,rybakov.lidiy,sW_m0gps3FgvHy,Илларион,Колобов,ignat.lobanov@lytkin.ru,88002524450
,inessa96,/1D0`S)W?,Виль,Чернов,veselov.marina@lavrentev.com,35222008776
,gkomarov22,sW_m0gps3F,Абрам,Васильев,qsafonov@gmail.com,35222157762
,aksenov.valentin32,/1D0`S)W,Стефан,Васильев,sorokin.sofy@kopylov.org,79223079869
,gkomarov,M`u(Bvfyv4^GX&,Марк,Евдокимов,muravev.polina@molcanov.org,88007397972
,aksenov.valentin,E5_%Pw]Au,Олег,Егоров,antonin81@gmail.com,88005224375
,vasilev.inga,+>ta:E\B8#,Сергей,Блинов,dsorokin@rambler.ru,35222389818
,nikolaev.rozalina,1$D5#l$,Клим,Красильников,gzuravlev@inbox.ru,88005264197
,sarov.gleb,WF1`EsK},Валерий,Голубев,sofiy.fedorov@galkin.ru,88009237754
,daniil.bragin,<ezlxH5Q\`;l-}3,Мирослав,Тетерин,illarion.bolsakov@zdanov.ru,88005817265
,rada.lazarev,"m""sQN$<'`=.2~4F^xi{",Родион,Ильин,zimin.vsevolod@savin.ru,35222259469
,loginov.radislav,"\"">V,qZ0`?o)P",Илларион,Кошелев,anton.zakarov@likacev.ru,79224218425
,maiy.zaitev,'cR]zp_\3{;b0E8/Y,Игнат,Колобов,hevdokimov@narod.ru,35222562466
,xpopov,"GKXY}<C,WM4fFmZ""",Аркадий,Журавлёв,rgavrilov@krasilnikov.ru,79224981039
,olga.melnikov,C(gwT#>BsQHRl-Nv,Станислав,Лаврентьев,yroslav89@ykusev.net,35222172098
,andreev.irina,"klPyB:[wP_""VY%k>V=]",Артём,Кузнецов,strelkov.efim@zinovev.com,35222123478
,qkulakov,"Gbs\bU,D2%2U",Август,Шилов,lev80@inbox.ru,79223896031
,yroslava.mironov,~$f!EV7-Z,Илья,Тимофеев,illarion.vladimirov@yandex.ru,35222348294
,kornilov.iosif,5'e8sg,Андрей,Елисеев,leonid.anisimov@list.ru,79222956693
,elvira10,in0Ff'&U,Ростислав,Петров,elena73@mail.ru,35222199849
,immanuil.koselev,>1UQ)UfSUbg,Гарри,Гущин,koklov.danila@makarov.ru,35222365535
,inga.fomicev,{%Y>uxx}h,Бронислав,Фомин,stepanov.boris@yandex.ru,79224907676
,dfedotov,S?RmV.]w9v/B`9Z,Григорий,Князев,zakarov.vasilisa@medvedev.ru,35222825720
,garri.eliseev,1cFL}d]y,Михаил,Лыткин,cernov.mikail@bobylev.ru,88003711918
,alena.vladimirov,"G;[x$j~ecZ9""ovaSG",Артём,Журавлёв,nataly38@gorbunov.org,35222043328
,yarkipov,#Jmu&O@Mhkv0w,Яков,Богданов,robert.rybakov@nikitin.ru,88003849077
,maiy.nekrasov,"ZG~k{-""l",Иван,Нестеров,alena36@anisimov.ru,35222292600
,feliks.sysoev,vF_{S5<$D977sr_zh,Викентий,Шаров,tamara09@rambler.ru,88000384453
,saskov.boris,"9LWYjlPSu""/",Нестор,Семёнов,emamontov@inbox.ru,88000274620
,flebedev,;hit3Um;7Y'q1O+_8G@-,Ярослав,Артемьев,rgalkin@komissarov.com,35222181029
,gordei63,}N:mc@8w[ml0Y7m,Викентий,Шаров,lavrentev.iraklii@list.ru,88002846039
,asilin,",x-EF~G",Платон,Иванов,fgulyev@narod.ru,88009201979
,jnosov,j4LyOh1ot4+2rU,Юрий,Тарасов,misin.platon@hotmail.com,79222846577
,svytoslav47,"HENe6VeH={G2,>",Артемий,Комиссаров,ytitov@savelev.net,79226160545
,alekseev.svetlana,wTx;T=t>b@*r-F,Назар,Куликов,lmukin@rambler.ru,79222642428
,drozdov.ruslan,uQb[ER,Денис,Бобылёв,kolesnikov.nonna@bk.ru,35222816109
,filipp.sergeev,"p#O~06p""Dr`{eP",Валерий,Козлов,kolobov.artemii@ya.ru,79223377845
,ksobolev,"jYuRP{ms%""*7DST",Егор,Моисеев,klara11@suvorov.com,35222947156
,tvetkov.florentina,.p2;bnZ,Афанасий,Александров,vkomarov@inbox.ru,88006473453
,gorbunov.gennadii,Err:510,Герман,Воронов,rada.smirnov@konstantinov.com,79222712130
,tit28,t'eyC{Lo4cF9EHm_KJ,Пётр,Белоусов,larisa01@list.ru,79226004709
,vasilisa.stepanov,-qK$Z6,Станислав,Молчанов,erik.popov@lytkin.org,88004080509
,german08,"Y$ey$2Cf[1z,",Лаврентий,Григорьев,sergeev.gennadii@yandex.ru,35222947957
,eduard.ignatev,N5E2Jp3JM:\5ow,Владлен,Горбачёв,dorofeev.antonina@gmail.com,35222474603
,rzdanov,^wBYrB$n=[w$@,Платон,Прохоров,iraklii80@potapov.com,79229963852
,fedotov.gleb,Z6%002m<,Анатолий,Муравьёв,eteterin@mail.ru,79227811997
,mkrasilnikov,"|:P,dk",Тимофей,Воробьёв,sergei.lukin@sergeev.org,88008095667
,boleslav.samsonov,"7A[JT,6xvQ4u#",Константин,Давыдов,fedor44@konovalov.com,79226110093
,lgalkin,"$i=D4z""NbYVC",Аким,Беляков,petr98@gmail.com,35222227700
,dary.gusev,jf1V<+&g#~NA2aK.,Андрей,Пономарёв,nnikiforov@arkipov.ru,35222451502
,ylii.krykov,fxk8UShMc,Данила,Никифоров,knyzev.adam@misin.ru,88007621685
,lada23,Zt3\Ls,Спартак,Уваров,ydmitriev@inbox.ru,79228051067
,medvedev.arsenii,dk%EApRw.Z(1,Матвей,Тарасов,nadezda95@knyzev.org,88006429859
,uarkipov,O{\@zFbW*X5XB<UoJ,Стефан,Панов,alena.krasilnikov@zimin.net,35222539216
,pgrisin,v:|CZ6oi,Артемий,Гаврилов,lada57@isaev.ru,79226507804
,visnykov.renata,?xWU'a+PbnE,Эрик,Белозёров,wbaranov@misin.org,88007825601
,sergei86,o]M}0|Q[q,Олег,Сергеев,kzakarov@gromov.ru,88000140222
,fedor.kondratev,nRE(WI3jtTB,Андрей,Рябов,ananii.stepanov@narod.ru,88009969135
,illarion64,DXs=&m]h%,Альберт,Абрамов,dorofeev.klementina@rambler.ru,79227518595
,ykov96,)qc)Sk`v\tU,Ефим,Ситников,georgii69@timofeev.com,88009368869
,gignatov,".Jl!""^@$%",Макар,Галкин,potapov.inessa@list.ru,88008091942
,donat.samsonov,0JW>har5$L,Григорий,Антонов,rusakov.sava@nikitin.com,88004932811
,mikail.agafonov,Zw).NvwH\|&Va$,Бронислав,Игнатьев,ytitov@maslov.org,35222864895
,artemii.vlasov,_WLV<t:$G[^E\o3,Прохор,Шубин,kapitolina.nazarov@kondratev.com,35222101960
,atarasov,9d0N%|DDpkY@xW7,Макар,Доронин,aleksandrov.ily@frolov.ru,35222168610
,trofim18,X*EsB3JMN?d?,Прохор,Кононов,fbragin@list.ru,35222189773
,jsorokin,+v:>(YXZi..@4,Гарри,Воронцов,zpakomov@ya.ru,35222467024
,nelli41,?L<8Yh2Ygim!,Егор,Анисимов,rovcinnikov@fadeev.net,88005674330
,fkulakov,"cF*j^bz%S!`,2^0;>",Михаил,Кулаков,romanov.veniamin@lobanov.ru,79229500839
,boris.belykov,i=K@=@5Ec,Милан,Веселов,margarita50@golubev.ru,35222835945
,xkulikov,z.NZHlFlZTI1GP$,Савва,Коновалов,konstantinov.yroslav@mukin.ru,79229382999
,taras.kopylov,",&A5[`oOO.,MF",Герман,Пахомов,pzinovev@kudrysov.org,88007097912
,lavrentev.ignat,vPe'$0,Антон,Федотов,likacev.innokentii@narod.ru,79221032408
,elizaveta.vladimirov,~J($yOuRzK',Вениамин,Прохоров,efremov.klavdiy@inbox.ru,35222245809
,anfisa.noskov,^LnrsQx@2tF'S,Антон,Муравьёв,galina75@vorontov.com,88004589587
,polina.drozdov,"WB#vvAL?_,pe",Степан,Семёнов,zzinovev@gmail.com,79221922147
,nserbakov,"xKD%d,$",Игнат,Евдокимов,fsokolov@samsonov.org,35222067718
,inessa34,"ps""cgs>B:9F0K(:1F",Лаврентий,Кузнецов,danila.gerasimov@rambler.ru,88000007007
,xmamontov,m+0DR_k0':Et+Y,Клим,Гущин,isilov@gavrilov.org,35222764235
,dgurev,f27QWpn21%rE(q<7;k,Тимофей,Кириллов,onekrasov@evseev.org,88004017899
,gerasim.sitnikov,"qN)B7,y=QA}E<z78",Аркадий,Кононов,wbragin@kononov.com,35222399179
,gsukanov,"q?<AP=Ktx\,\C1.&l",Андрей,Евдокимов,pavdeev@loginov.org,88001872623
,ersov.nonna,Wr1xr>)]wV0Lk6`Oj@,Рафаил,Тетерин,zakarov.zanna@titov.ru,35222854438
,platon.kozlov,`)Un(`<,Никодим,Воронцов,visnykov.kirill@zuev.ru,79225972174
,olesy.belozerov,pgt;$9f7,Данила,Петухов,dina.baranov@zukov.ru,35222411994
,baranov.veronika,"0ITR'%7'<Qem\xVA,/21",Павел,Поляков,vil54@kornilov.com,79228613725
,yykusev,Lj'Vx'Z3nzaGM|hs_`u,Аполлон,Суханов,albina51@trofimov.net,79225616987
,boleslav51,Bq01.*,Артём,Веселов,szimin@markov.ru,35222360569
,nika43,6]~3@&2}mE,Иван,Никитин,florentina54@hotmail.com,88005266724
,rvlasov,*K!Vd!CvTnXu@kw=tr,Витольд,Орлов,lobanov.filipp@yandex.ru,35222564240
,aleksei64,`(?.gtwJHB$%T[Lih#l$,Иосиф,Волков,ctitov@sergeev.ru,88008113087
,abramov.vikentii,0]Zcs?vm<DMU+)MkMDn,Эрик,Капустин,likacev.yliy@bk.ru,79227204016
,nloginov,ehFw]J&o]'`bKoM?o,Родион,Степанов,kmaksimov@yandex.ru,35222375291
,kirillov.elizaveta,yjQgHdf}qn,Роман,Борисов,eduard.kapustin@narod.ru,35222115173
,szykov,"|CVUI.Y""qS6`eu",Август,Мамонтов,burov.lev@list.ru,35222933936
,liliy.fokin,x@Ti-N%_v5tT&UVED;,Сергей,Субботин,nekrasov.dary@hotmail.com,88009365541
,dafanasev,a.tTWC)^xFJF~,Артём,Овчинников,illarion.nazarov@hotmail.com,35222554896
,rafail.simonov,}_q}}1gAfbD/P!Z,Бронислав,Бобров,klara.gorbacev@kuzmin.com,79226474392
,likacev.antonin,K%?BU]M`d*],Василий,Потапов,bronislav46@hotmail.com,88006455115
,zkomarov,5j{>Zx]L8-=#:X'/Gar,Владислав,Устинов,artemev.nelli@aleksandrov.org,88004991359
,semenov.aleksandra,MzS+L?W`O{Mady'LId,Андрей,Герасимов,rafail22@serbakov.com,88001864769
,zinovev.klementina,Err:508,Викентий,Лазарев,lkopylov@hotmail.com,88005404452
,ekonstantinov,")r(Y)3d\XD""$9X9{$$]",Святослав,Дроздов,mkornilov@voronov.com,35222581900
,ikalasnikov,J#8qw.Hb?\`iGO5qgE:,Валериан,Потапов,eabramov@mail.ru,79228404659
,taisiy.gulyev,92:>6H**/-].lx}1gj+p,Леонид,Королёв,faina.noskov@rambler.ru,79226659939
,kolobov.donat,z$3;Q|SQj+C&'EQj,Денис,Шаров,kuznetov.svetlana@inbox.ru,35222024574
,oykusev,12]q_dKdS?h`Dg^,Филипп,Мартынов,antonina.afanasev@vladimirov.ru,35222114563
,larisa.sestakov,Q/cC{R9J\A^Rm,Юлий,Цветков,lidiy.lazarev@zykov.net,35222700217
,yliy.dmitriev,"s"".=}D_IK^,+`:)",Тимур,Лихачёв,lysy83@hotmail.com,88001877694
,artemev.stefan,"|08_""t`OD80-`&n$k",Стефан,Комаров,timofei.krylov@zakarov.ru,88006713629
,msavin,T9~QT=b~[X{Clq-S2\2q,Ананий,Попов,rostislav36@belousov.com,35222631772
,morozov.sergei,JH:9?jz*NH'Y},Лаврентий,Пахомов,zkozlov@narod.ru,35222269163
,ruslan57,"p;-bMIhr""y",Ян,Андреев,qmikeev@fadeev.net,35222737120
,vyceslav90,"u3nzh]T^8t""DkC2GAsK",Герман,Громов,gseleznev@list.ru,79221724707
,fomin.olga,"Fhei,f+;uf-R`6sW",Святослав,Абрамов,blokin.renata@sokolov.ru,35222892116
,oksana.knyzev,6R@UsGRJ,Валериан,Шаров,kudryvtev.lybov@mail.ru,79223126296
,qburov,PUos[*D9,Пётр,Романов,antonin03@narod.ru,88003053234
,fedoseev.diana,Cf+9H@*U1?U#kd,Прохор,Фёдоров,nazar.davydov@hotmail.com,35222215825
,sergei.efremov,"fjxtf<'8""2Ry|j",Леонид,Жданов,vyceslav33@zukov.com,88004957217
,kalasnikov.nadezda,"[J)KY[)""kVI#K7Uk",Эдуард,Блинов,suvorov.maksim@trofimov.ru,88008029242
,sergei.rybakov,CMNx}<7[l:2^`u),Ефим,Доронин,oartemev@rambler.ru,79227361001
,svytoslav.nesterov,^.a%3b%*3,Антон,Овчинников,olga.petrov@narod.ru,88000143844
,zinaida27,",wE8fETxx",Абрам,Марков,obelyev@dorofeev.ru,88006022930
,ubelykov,"^G>;6s;v""D;P[nYA6",Тит,Соколов,boleslav.zdanov@gmail.com,35222379827
,lada46,V_=Ds(t,Рафаил,Колобов,omironov@ya.ru,88009932792
,fmartynov,EXXT)-l|KT^,Юлиан,Денисов,yykovlev@bk.ru,35222779716
,gavriil08,e5?fw]>C',Влад,Доронин,aleksandr61@dmitriev.ru,88003726272
,terentev.kapitolina,~%==L(o,Гавриил,Носков,kgusin@gmail.com,79223665416
,xkirillov,<Af(PU|]o$~!,Станислав,Стрелков,lev.lapin@gmail.com,35222737892
,nesterov.lybov,"$""[.e<,DMnG46)F'",Егор,Мамонтов,bespalov.nikita@rozkov.ru,79228881878
,tamara34,6>W1G'.ZQL'?G/r74K,Никодим,Кабанов,innokentii86@sestakov.ru,79228491011
,ustepanov,"bgnQP%rG.,T;C",Геннадий,Фёдоров,cburov@emelynov.ru,35222876878
,dmitrii.sukin,uSWWG}Wh^A,Бронислав,Никифоров,milan78@zdanov.ru,79222138995
,olesy32,0vg=Az]Y[8mTk6,Болеслав,Савельев,filatov.garri@lapin.ru,88003200253
,ersov.nina,rYW<dj&&l%2tAf^)oA$,Лев,Сазонов,lmelnikov@ya.ru,79220801277
,regina.sazonov,c\LO]T^KaICL>r(\E[,Лев,Абрамов,savin.emiliy@terentev.com,79223322955
,ruslan.kudryvtev,"r""}v7R_gy=5xz=FEg",Владлен,Королёв,kuzma52@bk.ru,35222548708
,eva59,!_NM[ED\$buOSl;k,Арсений,Брагин,jkarpov@afanasev.org,35222884587
,wburov,C.PuaHF&/q{,Фёдор,Жданов,psamsonov@grisin.net,35222452596
,maksim.nesterov,lDI^aQ7YqE?)m&,Захар,Аксёнов,rybov.malvina@stepanov.ru,35222484829
,potapov.gleb,QA*3pqV%4yG^Dtg1[,Добрыня,Богданов,rada.konovalov@mamontov.ru,79224082887
,leonid49,Df7!CpqY&>I$R:,Михаил,Игнатов,dina.silov@yandex.ru,79221846008
,gmysnikov,eLrX<XA~+Y$,Иосиф,Тихонов,birykov.olga@aksenov.ru,79222403803
,qorlov,T}b<W-vx@Dn3-5_/RV,Тимур,Зуев,nika.smirnov@gurev.com,35222664428
,veronika15,"(l,D3?g!&()z",Юлий,Богданов,nadezda.serbakov@rambler.ru,79221530479
,tsafonov,^Lm`paU;!w4;'VbyGLyW,Павел,Шилов,lysy.sysoev@semenov.ru,88001178919
,gorbacev.izabella,9N[f]EmdLuk,Давид,Веселов,iosif.konovalov@krylov.ru,79225449787
,nikonov.afanasii,lo/R0Y6`u,Игнатий,Русаков,mromanov@zaitev.ru,79223266279
,evgeniy.zuev,sa7{r50x9jdI-+>?o,Роберт,Зайцев,umikeev@narod.ru,88008757783
,tit.voronov,"}&KeJ65,hU",Руслан,Павлов,anzelika53@denisov.ru,79227462796
,bykov.olga,I01l{C./sY)hf_s^/,Кирилл,Фадеев,ilin.denis@yandex.ru,35222123826
,gordei.bobrov,N^E;Fn{DS_,Юлиан,Панфилов,elizaveta46@yandex.ru,79221354300
,isamsonov,5Byj|i`d9sa,Ананий,Трофимов,rzukov@danilov.ru,88007245304
,svetlana.kostin,$u{5||J5_<)f,Игнатий,Коновалов,otimofeev@rybakov.ru,35222010133
,sergeev.vsevolod,XnUxMV_3(X,Платон,Тарасов,bronislav86@blinov.ru,79224858398
,samsonov.adrian,2u<gsw,Виталий,Сафонов,wsazonov@inbox.ru,35222356504
,vasilev.david,"*Y?(m,6lx",Виктор,Исаев,qbaranov@hotmail.com,79222086650
,safonov.iskra,bAfp5k,Артур,Воробьёв,eduard.rogov@dyckov.ru,35222667624
,anisimov.fedosy,"7F-Y~k<j,3Di1bfpjR",Мирослав,Гусев,elena.morozov@inbox.ru,79220877835
,panov.bronislav,Cy6SQCP\w<,Валентин,Рябов,tanisimov@list.ru,88002381562
,rogov.bronislav,>JsQ3Dq+^,Владлен,Панов,lybov.kondratev@komissarov.ru,35222991008
,pzaitev,P`lrP])~u?O,Данила,Маслов,tamara16@ya.ru,79226017854
,danila.cernov,8f{VBk\7JhmWOplmX`+,Аполлон,Наумов,orekov.prokor@inbox.ru,79224344542
,valentina.gorbunov,BITM}5-y/5,Альберт,Кудряшов,elizaveta.arkipov@bk.ru,79223523861
,dorofeev.vitold,"}1|qf,thL`A9Z",Илларион,Горбачёв,elizaveta.golubev@avdeev.ru,88003020151
,kapitolina85,@D#m3ZqF5[aV,Иннокентий,Михеев,aknyzev@hotmail.com,79226930088
,belykov.marta,yr{!6I+!VlKkZd,Клим,Ситников,vasilii.afanasev@gmail.com,79226025127
,viktor.gusev,577\R1D+b*(3i:,Виль,Белозёров,bkondratev@gmail.com,79226961951
,denisov.vlad,rm[2RFGM[?)j|8Pt,Ананий,Миронов,evgeniy15@list.ru,79222784891
,otarasov,P{U<Q`,Арсений,Мишин,teterin.izolda@narod.ru,88002194116
,antonina13,Xb.W=#e,Роман,Селиверстов,nmatveev@ya.ru,79224709156
,kdmitriev,0Zd<Iih,Вячеслав,Колесников,zdanov.oksana@petukov.org,35222450707
,klara19,"n""nW~6jKWO`&qGR",Всеволод,Зыков,ignatii.kudryvtev@vladimirov.ru,88005396690
,garri52,qTnGO4i{:13pX_<,Платон,Макаров,antonina81@hotmail.com,35222861982
,nikolai.fedorov,yxw+GvgeH^Lu]yo,Кузьма,Ильин,tpetukov@inbox.ru,88002687289
,rostislav69,"u6d%`cPgChd]>,%3!",Кирилл,Тихонов,tit86@grisin.com,35222836790
,alekseev.yna,%h;jF.+tUG.Bg*$0Kj|,Константин,Самойлов,saskov.eva@blinov.ru,79228056824
,moiseev.nikodim,<YPA]/x3_\,Витольд,Кузьмин,vasilisa.ovcinnikov@lebedev.net,35222017369
,veronika.melnikov,~:IQ=}o,Егор,Евсеев,rozkov.zlata@narod.ru,35222630420
,ialekseev,Err:512,Гарри,Сазонов,lydmila35@voronov.org,88004369772
,radislav.vladimirov,PVBxh*4F=6+W^^,Клим,Кошелев,nataly.krylov@gmail.com,35222104906
,kalinin.ananii,)@EERc[STs_T,Аполлон,Меркушев,ylii.denisov@sidorov.com,88007026598
,samoilov.adrian,RZ_}.h,Ефим,Русаков,samsonov.lada@timofeev.com,35222876058
,galina.samsonov,M{|W/-5bde,Марат,Ситников,emma75@evdokimov.ru,88002529361
,viktoriy66,lW)}\/##T<\5V,Игорь,Корнилов,david.konovalov@inbox.ru,35222125851
,zakar46,"Xf*G/rxL@""FCNP>r)M",Валентин,Селиверстов,alisa.fomin@sukanov.com,35222770882
,maksim.ponomarev,kq~K*ka3M^?!?w,Валерий,Алексеев,marat91@kulakov.com,79229996274
,kgavrilov,"mNlzC!i;:l+H]'""6",Марк,Селезнёв,nkuznetov@hotmail.com,35222577963
,inessa41,"X5(/QjY""f",Семён,Волков,dkolesnikov@tikonov.ru,88009620948
,ivisnykov,Nh$V:Vi,Виль,Новиков,fedor64@zimin.ru,79228602103
,zuev.izabella,)?-<!-&/s`IJ`:?I[,Иван,Тетерин,zmamontov@mail.ru,35222081099
,xevseev,~BZcB\W,Никита,Степанов,lbobrov@kiselev.net,79224404448
,osipov.marta,pg+BD7,Адриан,Кошелев,emelynov.vasilii@popov.ru,79228748321
,vladislav.agafonov,"p_>:m;LO'~vlQ);FnEy""",Милан,Фадеев,sukanov.zinaida@ya.ru,35222775892
,ksaskov,Err:509,Марат,Фадеев,denis55@mail.ru,88003779681
,trofim.lukin,";5i],{8",Александр,Мишин,kkolesnikov@burov.org,88006705448
,illarion.dementev,'^yxcd>TnMcfklz,Тимофей,Ситников,nesterov.albert@silov.com,35222188039
,jsolovev,"^W''qo%2""C$):2f%",Эрик,Медведев,fsubin@yandex.ru,35222001122
,mysnikov.oleg,"|{,^XE""lCV+o_4/|U|N",Ростислав,Логинов,dina.vorontov@list.ru,88002664555
,lapin.grigorii,!`\q-!KA:o@CXYe,Валерий,Нестеров,polina10@hotmail.com,88009271103
,elizaveta57,&pK=x{SJBF]-z,Иммануил,Колобов,pefimov@gulyev.org,88002906161
,jsubbotin,0v#@[(\Aixcz,Григорий,Яковлев,sofiy.sobolev@inbox.ru,35222923830
,spartak35,|&TTNulE6C\Vo%,Даниил,Цветков,aleksei58@hotmail.com,79221181387
,vera.larionov,'atw]qu--ZC.;A,Филипп,Колобов,dan.stepanov@mail.ru,79225661184
,rlytkin,~)+>V3<7[,Влад,Овчинников,xsysoev@inbox.ru,79220400982
,izabella89,R3y@>J>b;@9ol>au,Артур,Васильев,eykusev@dementev.ru,79221701587
,volkov.evgenii,@lyX#MHDvsw.VGQt0`!,Виталий,Петров,vladislav10@fokin.ru,79223762579
,nfomicev,tCppv$,Виталий,Шубин,vseliverstov@ya.ru,79222677810
,ustinov.denis,Ut{b~Jc?g7[e`~Ryuce:,Юрий,Рябов,elena96@ignatov.com,35222663216
,regina.anisimov,Dd7KjvGO.nW(k[bi&,Аким,Моисеев,akim12@mironov.com,35222671293
,antonina.zinovev,cddV\RC0JinH)F93sIp~,Стефан,Горбунов,nazar.panov@mail.ru,79220285700
,andrei.pestov,"xW%V(U+PFz(k,wi+F5",Добрыня,Филиппов,vil.doronin@dmitriev.org,35222321388
,osipov.sergei,11~saZrBKH{Wf,Милан,Емельянов,nadezda.galkin@siryev.org,79227690791
,liliy62,"7saWspc.D6or#QI""DB<",Илья,Орехов,afanasii.krylov@aksenov.ru,35222856142
,grigorev.olga,o85NY<gAWkD`nZD>gL|C,Всеволод,Буров,rada06@samsonov.com,88006135545
,gordei86,"6u%C5,6/3TDLQ_s$",Савва,Третьяков,dominika59@makarov.ru,88009099222
,fokin.vitold,(]4a}!BlClJ^,Святослав,Никитин,pgorbacev@rambler.ru,35222321043
,mukin.larisa,H%Z]#m5%C>;?Nh<00,Леонид,Кабанов,alina.grigorev@ya.ru,35222707901
,nika.fedotov,7LTo.~PnVf<SOrGAH,Михаил,Тарасов,panfilov.yn@gmail.com,88009194096
,ggavrilov,-'N*O9@5W:te@W,Виль,Смирнов,egorov.izabella@kotov.ru,79223386112
,taisiy41,m_<d)2xY7}I,Назар,Никифоров,lybov.gavrilov@inbox.ru,88007102185
,abram35,@O<{+tj[v[P\2/|6D<,Гордей,Большаков,elena85@dementev.com,79227485811
,qkirillov,JL(/srf,Давид,Крылов,zinaida71@ya.ru,35222046099
,maiy.egorov,RRQDgoCtNDf=q,Максим,Корнилов,balekseev@efimov.ru,35222871330
,esilov,GIv#*^^@S,Назар,Виноградов,nika40@galkin.ru,35222427313
,spopov,44o&JewCOE88?y,Милан,Титов,sestakov.oksana@inbox.ru,35222421751
,bsilov,L08O27A/9?u,Ананий,Аксёнов,pkotov@mail.ru,79224809322
